text,sentiment,source,theme
"on my first Training Day they told me to be there at 7:30 and I got to go home at around five, a 10 hour shift for three full days.

First day we didn't do anything, we just sat and watched videos about what is expected of us. We didn't even walk around the warehouse.

Day two they split us into groups and assigned us sections. The first section I was on was picking. The guy showing me around looked brand new, he didn't really understand at all. Everyone was just chilling minding their business.

They have a really high violation policy on phones. After the second day they explain picking and the ops. The ops are machines you have to ride, and it's actually very hard. When I first got on the op I did not want to do this. I told the girl I was scared and she told me if I didn't want to ride the op I could just go home and clock out. So I got on the op scared as hell and not ready for it at all.

I love picking but if you're tired it could be really hard because you're on your feet 24/7. The op is more chill once you understand the machine. They made me sign a contract, take the op test, I passed. Three tests total. They do drug tests but don't screen for marijuana.

On the third day you're still in practice mode, learning about the op and picking, not many people watching anymore. They let you do your thing.

When they ask the one through five survey at the start of the day answer accurately because they are reading those. If you put zero for all of them they'll call you to the help desk.

Do you really want to be doing this for five or eight hours a day? It's not worth it at all.

After working 30 days at Amazon I quit. I'm no longer working there. Hunt to better things, get out of the Matrix.

First week take home was $390.81 after 16.4% taxes. A heavier week at 45 hours, take home was $496.75 after 17.9% taxes. Do not work a nine to five, it's not the best.
",negative,YouTube,Training Gaps
"Today is a Tuesday, I work from 6:30pm to 5am.

Once I'm in the warehouse I receive my scanner and wait in line to receive my station. This can take five to ten minutes because there are always a lot of people. The warehouse is super big so it took a good minute to get to my station.

Gloves are mandatory, not because of the pandemic, just for safety since you don't know what you'll be touching or if things have broken. Your badge is pretty much everything — it's how you check in, clock in, and get in and out of the building.

Pretty much all you do is wait for yellow pods to come, scan them, and count how many items are in each bin. It's not too hard but this is all you do for 10 hours straight.

At 9:50 my scanner stopped working, kept turning on and off and staying off for 20 minutes at a time so I was just standing around for half of it.

First break is at 11, only 30 minutes, so I have to be back at my station by 11:30. It is so cold outside, like 50 degrees. Once I get into the building I'm fine but the walk is rough.

By 1:50am I'm over it. My next break isn't until 3am and I get off at 5am, so I'm just counting down. I'm not tired, just over it because all you're doing is counting for 10 hours straight.

Second break I don't eat, I just chill and relax in the car. It's so cold I didn't want to get out when it was time to go back in.

Done at 5:08am, home by 5:35. Going to shower, clean out my bag, and go back to sleep to do it all over again tomorrow.
",positive,YouTube,Burnout
"Amazon's bad. We're going to talk about the top three things you need to know before working at Amazon.

Number one: don't work there. Never work there. I'd rather work at a Jack In The Box paying five dollars an hour than work at Amazon, because at least at Jack In The Box you get bathroom breaks. Amazon has a thing called time off task. If you're doing anything besides your assigned position they hit you for it. A lot of people get fired because of this, because a lot of people's time off task is using the bathroom. There have been multiple stories of people using the bathroom on themselves while working.

Number two: if you bypass number one and you're already in it, learn how to quit Amazon. There's no respect for human decency there. UPS drivers start at 28 dollars an hour and make 40 after a few years. FedEx drivers aren't far behind. Amazon drivers get paid the same as someone working at a pizza place. You're doing all the work of a UPS or FedEx driver getting paid pennies in comparison.

Everyone I've talked to that worked at Amazon has quit. Not fired, quit. And the people that have been fired should probably sue because they'd more than likely win.

Number three: work for somebody else. That's literally it, because if you work for somebody else you won't be working at Amazon and you'll be happy.

I've never seen anybody work at Amazon for more than two months. Also, Amazon will offer you a three thousand dollar signing bonus — read the fine print. It's spread over an 80 week period with a 30 day trial, so you only see a fraction of it.

Find somewhere else. Don't even entertain it. It's quite terrible, it's just not fun.
",positive,YouTube,Burnout
"Today is my day one working at Amazon. I'm doing the night shift, 6:30pm to 5am. They have us coming in at 9pm for training.

I'm going in with a positive attitude. A lot of videos I saw had people already negative about Amazon, making it easy for them to quit after a day or a week. I'm really trying to make it six months.

Arrived 20 minutes early. When I walked through the doors a guy greeted me, had my bag ready, and there was someone at every step to point you in the right direction to the classroom. Really organized, no complaints so far.

First day is entirely classroom presentations and training, 9pm to 5am. He said we'll probably finish an hour and a half early. Next two days is on-the-job training with a learning ambassador the whole time. Fourth day they let you work independently. They told us we're in outbound but didn't say exactly what our job will be yet.

First break is 15 minutes, second break is 30 minutes where you clock out, then another 15 minute break. The two 15 minute breaks you don't clock out so no extra pay for those.

Still don't know exactly where I'll be working tomorrow. He thinks I'll be doing picking, another girl said I might be on a dock. I really just don't want to be standing in one spot the whole shift, I'd rather be walking around, so hoping for picking.

Amazon turnover is high — another girl said a lot of people came and left already. They're still trying to hire because the building only opened three months ago.

You can't transfer to another position until 30 days in, which feels long but they want you trained first.

They have a machine where you can get gloves and all the supplies you need. They also gave us a code for free shoes from Zappos, plus free inserts. Taking advantage of that.

Day one done at 4:16am, 45 minutes early but still paid until 5am. So far so good, but real on-the-job training starts tomorrow so we'll see.

Day one is literally just training — I don't see how so many people don't make it through that because it's the easiest money you'll make. Just go in with a positive attitude and be open-minded.
",positive,YouTube,Training Gaps
"I worked at Amazon for three and a half years in the outbound department of a fulfillment center. These buildings are massive, around 17 football fields. I worked in the pac department and ship dock.

**Pros:**

The pay is decent, not great. Better than retail or fast food but for a company that size you'd expect more. They switched to weekly pay towards the end which was nice.

Insurance is really good — medical, dental and vision for less than 40 dollars a month as a single person. A lot of people worked there just for the insurance. They have a 401k with a match up to two percent, but the match doesn't vest for three years, meaning if you quit before three years you lose it. They don't make that obvious, you have to read the fine print.

Four day work week with three day weekends, but 10 hour shifts. I loved the three day weekends but work took up your whole day. I felt like my life was on pause for four days — wake up, work, eat, shower, sleep, repeat. No time to do anything else or you'd show up exhausted.

You don't deal with customers at all, everything is behind the scenes. I specifically looked for jobs like that.

Made a lot of friends there, which surprised me. Around a thousand employees between day and overnight shifts.

Time off was generous — vacation, PTO, and unpaid time off. After a year you had almost a full month off total. You manage it yourself through an app, no questions asked. Bad day? Walk out mid-shift, nobody says anything as long as you have time. However if you hit zero time you're automatically terminated, no second chances, your badge won't even let you in.

VTO — voluntary time off — was an option when it was slow. You could leave without pay but without using your time. Sometimes I walked in and within three minutes they were offering VTO. The downside is you can't predict it and you don't get paid.

Mandatory overtime when busy — up to 60 hours a week, six days. If you want money there's money to be made, but doing heavy lifting for 60 hours a week with only one day to rest is brutal.

**Cons:**

A lot of heavy lifting, very physically demanding for 10 hour shifts. After years of it your body is just done. Some tasks take 30 seconds and you repeat them for 10 hours straight. After one hour you realize you have nine more hours and then three more days after that.

Basically anyone gets hired. In my group interview the first thing they said was if you can pass a drug test and want any of these shifts you have a job. The drug test is a mouth swab and easy to get around. I'd predict 25 to 50 percent of the building would fail a full drug test.

Because anyone gets hired you get people doing as little work as possible. I once looked at numbers halfway through a shift — I'd done 500 boxes, the other two people did about 200 each. I wasn't even trying hard, just working at a normal pace. The bar is set so low that if you're capable they pile more work on you, and if you're not capable not much is expected. It's very unfair.

There were people called wannabe supervisors who realized supervisors do less physical work, so they'd walk around fast pretending to be in charge, bossing people around when they weren't. It was a joke.

I had a situation where I was scheduled for a half day of overtime. Last minute at the morning meeting they announced it was actually a full day. I went straight to HR and the rep gave me attitude, basically said too bad. I was so enraged I was cursing at her. The head of the building walked me back to HR, told me to work the half day and they'd sort it out. I worked the half day furious and left. Because I left I had to use six hours of my own time to cover the rest of the scheduled shift. Never got it back. That was the point where I thought why do I even try for this company.

Another time I hurt my back lifting. When I went to the safety office the very first thing they asked was whether I was lifting properly — trying to get me to admit fault so they weren't responsible. I told my supervisor my back was hurt and the very first thing out of their mouth was about the day's package numbers and whether their targets would be affected. Couldn't believe it.

They're supposed to rotate your job so you're not using the same muscles every day, but I'd end up doing the same task three out of four days constantly.

**Overall:** If you're coming from fast food or retail it's a step up. If you need real income for a family it probably won't cut it unless you move up to management, where the pay is actually decent. I personally had no interest in moving up — I was building my eBay business the whole time I was there. That's eventually why I quit.",negative,YouTube,Scheduling Issues
"I got hired at Amazon in August 2020. When you apply they let you pick whatever shift you want. I work Sunday night to Wednesday, off Thursday through Sunday. They also have donut shifts where you work Monday-Tuesday, off Wednesday, work Thursday-Friday, off the weekend. Lots of shift options.

After applying I got a response within 30 minutes to two hours — way faster than I expected. They send a ton of emails with your start date, pay rate, and pre-training documents with little tests. Complete all of it, they warned that not finishing by the due date could affect your hiring.

Orientation tip: get there early or you'll be stuck at the back of the line. The drug test is a cheek swab, nothing invasive. You get your badge photo taken the same day as the drug test so look decent for it.

The A to Z app is where you do everything — clock in, pick up shifts, request time off, see your pay and schedule. Amazon pays weekly.

**Time off breakdown:**
Personal time (PTO) — paid. Vacation — accumulates each paycheck but very slowly. Unpaid time — not paid but doesn't affect other balances. COVID time off — fully paid, I took a month off for COVID and got paid every week. Bereavement — three days off if you lose someone.

VTO is voluntary time off — they offer it when it's slow, you go home without pay but your other time balances are untouched. VET is voluntary extra time — you pick up extra shifts for extra pay, but once you accept you cannot back out. If you don't show up and don't have enough time to cover it you go negative and that's termination.

**Benefits are top tier** — health, dental, vision, 401k, stock options, and fully prepaid tuition as long as you stay with the company. Benefits start as soon as you walk in and sign up.

**Hair safety is serious.** Long hair must be tied up — a girl at my location had her hair pulled into a conveyor belt and lost her scalp. Put braids up, wear a bonnet, clip up wigs. Don't risk it.

Nails you can wear long but expect to break them. No nail policy enforced but it's on you.

Dress code is whatever you want — comfortable clothes, any shoes. They do offer a free pair of Zappos shoes up to 100 dollars. Wear them — steel toe protection matters because you can drop a tote on your foot at any time. My Pumas after two years are done.

Do I like Amazon? It's a job. It's paying my bills. The benefits alone make it worth it if you need coverage.
",positive,YouTube,Scheduling Issues
"Today is officially my first day at the Amazon warehouse. I've now been there about a month.

First day was entirely classroom — a presentation covering what you need to know, where everything is, guidelines and rules. They don't allow filming inside the facility at all, you can lose your job for it. They give you a clear bag to carry your stuff in. Every time you leave the building you go through a security checkpoint with metal detectors. Second day is when they actually put you on the floor in your department.

Most workers do a 10 hour shift. There's also a flex schedule where you build your own schedule — either a 4 hour minimum per week or a 30 hour minimum. I'm currently on a donut schedule, Monday-Tuesday, off Wednesday, work Thursday-Friday, off the weekend.

I work in ship dock. Packages drop into carts and I either move carts to the floor or load them onto trucks. Pretty simple but a lot of walking — I tracked around 30,000 steps a day. Kills your feet. Invest in Dr. Scholl's insoles or comfortable shoes. Ship dock requires steel toe safety shoes — use Amazon's credit to get them for free.

Pay in Virginia is $19 an hour, was $18.60 before a recent increase. First paycheck takes two weeks — they do that on purpose so people don't work one week and quit. We get paid every Wednesday.

Amazon is not a place for the weak. If you can't get through long shifts mentally, don't work there. The work itself isn't so bad, it's just the hours. Getting off at 4:30 or 5am is brutal. The only time I really enjoy my day is on my day off. By the six or seven hour mark of a shift you're already ready to leave, and leaving early costs you PTO so keep that in mind.

VTO comes up randomly — you can drop your shift with no consequences, just no pay. Take it fast because someone else will grab it immediately. They offer it when there's more workers than work to do.

PTO earns at about 55 minutes per 10 hour shift. Vacation time has to be requested at least two weeks in advance and you need PTO to cover it or you have to shift swap. Someone usually picks up dropped shifts within a day since there are so many people in the facility.

Breaks are two 30 minute breaks, roughly at the 10 hour and 2am/2pm marks depending on your shift. 30 minutes sounds like a lot until you try to go get food — there's nothing within 15 minutes of my facility so you'd be gone 45 minutes minimum. Bring your own food.

Managers vary. Mine are mostly chill. Some are strict about earbuds and phones. Some are stricter about bathroom breaks than others — luckily mine aren't, but that depends on your department and building.

Overall would I recommend it? The pay is decent, the work itself isn't bad, it's just the 10 hour shifts. I personally wouldn't do it long term but if you want to build up savings or work toward a management career it's not a bad option. I'm using it part time to build money while I look for something else.

You do have to work some holidays like Thanksgiving and Christmas — I haven't hit that yet but it's coming up.
",positive,YouTube,Scheduling Issues
"
I found myself working at Amazon after needing steady income. Before starting I researched online and heard some scary stories, but a lot of those videos were titled ""I worked at Amazon for one day"" or ""two days"" — and orientation is two days long, so those people never actually did the job.

**Surviving orientation:** First two days are 10 hour orientation days sitting in a room. I was hoping for 6 or 8 hours — it's 10. Bring snacks, water, and gum to stay awake. They have free coffee and hot chocolate but vending machines add up fast.

**Your feet:** There is no job at Amazon that requires you to sit down. Everything is standing, including the forklift machines. Your feet will hurt badly for the first two to three weeks, especially when you get off shift — not so much while you're working but you feel the burn after. That pain goes away. Soak your feet in Epsom salt on your days off, do foot massages, take care of them. After two to three weeks your feet adjust and you can work overtime without feeling it. If you already have chronic foot problems, this is not the job for you.

Composite toe shoes are required for safety. Amazon gives you up to $100 credit through Zappos. Order early because they usually arrive before orientation. If they don't fit right they'll give you shoe covers in the meantime.

**The A to Z app** is everything — time off, vacation, PTO, UPT tracking, medical benefits, 401k, discounts. Learn it inside and out because it can be the difference between staying and leaving.

Career Choice inside the app is a huge deal. Free language classes for non-native English speakers. Free GED and high school diploma programs. College tuition paid after six months of employment — $5,000 per semester. Financial advisors to help with buying a home or starting a business. If you factor in $5,000 per semester that's $20,000 extra per year on top of your wages.

Benefits include dental that covers 50% even on cosmetic procedures, which is rare.

**Time off breakdown:** You earn about 50 minutes of UPT (unpaid time) per shift, so roughly 2 hours 50 minutes per week. About 1 hour 50 minutes of paid time off per week. Vacation accumulates separately. Your job is tied to your UPT — the moment you go negative you're at risk of immediate termination. Some facilities fire you the second you go negative. Never go negative. Treat your UPT like money and always know your balance.

Get the prepaid card from HR within your first couple days. It lets you access up to 50% of your pay from day one. If you need gas money or to pay a bill that first week before your paycheck clears, this covers it. Don't abuse it but it's there when you need it.

**Leadership:** Show up and do your job consistently. You don't have to suck up but just doing your work right every time gets you noticed. Amazon rewards trustworthy employees who don't need to be told how to do their job.

Pick a shift that actually works for you. Ten hours on a shift you hate is brutal. Night person? Pick nights. Don't let the shift eat your life.

Give the job a real chance before deciding to leave. A lot of people quit during orientation before ever doing the actual work. Check every resource in the app first because the true value of the job goes way beyond the hourly wage.

I've been at Amazon for about five months. Forget the critics, go in and see for yourself.",positive,YouTube,Scheduling Issues
"Working a 10 hour shift at Amazon. I work at a fulfillment center where we sort boxes with a scanner. There's also an area where you just put boxes from a lane into a bigger box — no scanner needed. Different positions include noncon, shoe sort, under the mez, container loading, and container building. They're all kind of the same but different enough that if you get bored you can move to the next position. That's part of why I've stayed as long as I have.

I've seen a lot of people say working at Amazon was the worst time of their lives, that they overwork you and you're like a slave. Every warehouse is different depending on management and position, but mine is actually pretty chill.

One of the reasons I like this job is VTO. If I don't want to work my 4:30am shift I just hope they put out VTO, accept it if they do, take the day off and just don't get paid for it. If you want extra cash you can pick up shifts — sometimes there's a $3 premium shift, so if you normally make $18 you'd make $21 that hour.

My shift is 4:30am to 3:00pm.

The role I was assigned today was under the mez — basically taking small Amazon packages and putting them into a bigger box called a shuttle, then wrapping the shuttle so nothing falls out. It's what I did for both shifts today.

15 minute breaks I just go to my car to get some quiet since inside the warehouse is noisy. Lunch break is 30 minutes. There are three vending machines in the break room and they sell out fast.

The last hour of a double shift feels like it takes forever. Doing a 10 hour shift is not easy but they were paying the $3 premium so I pushed through it. Got home after being awake for 12 hours.

Overall Amazon is a somewhat okay place to work. I think it's a good part time job for extra cash, but it all depends on you.",positive,YouTube,Burnout
"Things I wish I knew before working at Amazon.

Your first day you're going to be sore unless your body is already used to physical activity. You're standing on your feet for 10 hours with two 30 minute breaks. Wear comfortable shoes. Amazon offers shoes through Zappos but the first pair I got wasn't comfortable — I had to break them in. The Zappos shoes are really designed for steel toe protection more than comfort. Amazon is very strict about protective footwear and will send you home if you show up without the right shoes. The socks that saved my life were Dr. Scholl's circulatory socks.

The hiring process is not a real interview. You show up with ID, prove citizenship, take a drug test and that's it. Pick your shift online and you basically already have the job unless you fail the background check or drug test. Amazon reportedly no longer tests for marijuana — I've heard this from many people who said they shouldn't have passed and did.

Get six to eight hours of sleep every night. Coming in unrested with 10 hours ahead of you makes everything miserable. Stay hydrated — Amazon has water coolers throughout the building with fresh cold water, no limits. Sip every 30 minutes rather than chugging so you don't feel full and sluggish.

Every station has a rate — a target amount of product to get out per shift. Don't focus on hitting rate every single second because it's technically nine hours of physical work and you'll burn out by midday. Find a consistent rhythm. What works for me is packing fast then giving myself a 30 second break, then going again. Check your rate every hour and adjust what's working.

No uniform but hair must be pulled back and not below your shoulders, shorts can't be above your fingertips, no spaghetti strap tops. Wear something loose and comfortable — you're in a warehouse and you will sweat.

Do not overdo overtime if you're not used to physical work. The three days off you get each week are genuinely needed for your body to recover. Maximum is 60 hours a week and they'll send you home when you approach that. Burning yourself out on overtime means you'll start missing your regular shifts and your UPT will drain fast. You get 80 hours of unpaid time — when it hits negative you're fired.

Every so often the screens stop and give you two 15 second stretch breaks — back stretches, hamstring stretches, even breathing exercises if you're having a rough day. Ergonomic mats at your station also help a lot if you have foot or back problems.

Two 30 minute breaks — the first is unpaid, the second is paid. Do not go over on that second break. It's tracked scan-to-scan, not by clocking in and out. The timer starts on the last item you scan before break and ends on the first item you scan when you return. I went over by about 7 to 12 minutes and got a write-up. Nobody told me about this during orientation.

Amazon discounts only apply to actual Amazon products shipped from Amazon buildings, not third party sellers. Nine times out of ten what you're looking at isn't an Amazon product so don't count on discounts.

If you're a social butterfly this might be hard. You're assigned to a station alone and focused on hitting rate, so there's not much time to talk except at lunch. A lot of people say it feels depressing because of the isolation. That said, talk to people when you can — coworkers will fill you in on things orientation left out and help you avoid getting written up.

A lot of Amazon's rules you won't find out about until you get in trouble for them. Pay attention and ask questions early.
",negative,YouTube,Scheduling Issues
"not interactive 
can leave or take off whenever as long as you have time 
easy work inhumane 
draining physically &amp; mentally",positive,Glassdoor,Burnout
"good and easy work enviorment Sticks rules and completing targets any how, otherwise get warning",positive,Glassdoor,Training Gaps
"help to grow , good pay , limited opportunities for advancement,No clear path for promotion",positive,Glassdoor,General Experience
"Plenty of work
Meet new people Tough on the body
Labor intensive",negative,Glassdoor,Burnout
"Good Holiday pay 
Additional benefits for permanent employees Not hiring permanent employees directly",positive,Glassdoor,Scheduling Issues
"Nice people, Great pay and benefits. management does not care about its employees. hours are way to long.",positive,Glassdoor,Scheduling Issues
"learn lift trucks, pallet jack, flex schedule/ Shifts fast paced working environment, weight lifting",neutral,Glassdoor,Scheduling Issues
decent work that wasnt too miserable people in charge wasnt very good,positive,Glassdoor,General Experience
"Good pay, not too long hours Management absolutely is terrible at communicating",negative,Glassdoor,Burnout
"Workout and regularly routine habit More work life,  less sleep .",neutral,Glassdoor,General Experience
"Tuition reimbursement 
Schedule flexibility 
Benefits
Salary
Overtime opportunities Standing +10 hours
Noise
Safety hazards 
Overworking
Get write ups for not meeting their rate expectations",positive,Glassdoor,Scheduling Issues
The benefits are great and start immediately The workplace culture is bad,positive,Glassdoor,General Experience
"good pay
stress-free
hard working night-shift
overtime
no cons at all",negative,Glassdoor,Scheduling Issues
"4 day weeks, good benefits. OT usually available Its a physical job so prepare to be tired.",neutral,Glassdoor,Burnout
A good reference for previous work. No cons to my knowledge.,neutral,Glassdoor,General Experience
"most of the people were great fired without notification, one day my badge just didnt work, wasting my time and my bus fare",positive,Glassdoor,General Experience
"Quality work
Lot to learn No contract extenscion
Hard to find anything in Amazon again",negative,Glassdoor,Training Gaps
nice to start for students not for long term job,positive,Glassdoor,General Experience
flexible schedule if you are felx work can feel repetitive and boring,negative,Glassdoor,Scheduling Issues
"Nice place to work
Nice hours for night shift 6:30pm-5am
UPT PTO and Vacation There is favoritism- like any other job.",positive,Glassdoor,Scheduling Issues
During peak season good pay and great hours When peak season over it leave you struggling,positive,Glassdoor,Scheduling Issues
"Good pay for a process assistant. bit stressful, to be honest, as we have a tight workload in our station.",negative,Glassdoor,General Experience
"Die Bezahlung und die berufliche Entwicklung, die man durch die Begegnung mit vielen Menschen und das Erlernen neuer Prozesse erfährt. In dieser FC werden Mitarbeiter und Neueinstellungen wie Nummern behandelt, und sie versuchen, dich loszuwerden, wenn du ihren toxischen Standards nicht mit den niedrigsten Manieren gerecht wirst.",negative,Glassdoor,General Experience
"Wage increase 3, 6, 12 month and so on.

Great Full-time benefits 

Work Perks and Discount through Venngo Warehouse (repetitive work and corporation like layout) dull.. but great people and management",positive,Glassdoor,Burnout
Good wages as a Warehouse associate working environment gets a little bit noisy,negative,Glassdoor,General Experience
"Always hours available, anytime pay Long hours, minimal light, will write you up for bathroom breaks, mandatory overtime with little to no heads up. This place drains you emotionally and physically.",neutral,Glassdoor,Scheduling Issues
Easy starter job to work at Can be fast paced and employment depends on management,positive,Glassdoor,General Experience
"Seguridad, compañerismo, comodidad, rotativos, adaptabilidad Trabajo cansado, fines de semana, no posibilidad de cobrar más",neutral,Glassdoor,General Experience
benefits and not bad pay no cons it was easy work people just complain,positive,Glassdoor,General Experience
"Flexible Schedule
4 day/10 hour shifts
Low Stress Environment
Frequent Overtime Opportunity Monotonous Work
Not Particularly Rewarding Work
Work Can Become Slow from January to May",positive,Glassdoor,Scheduling Issues
"Buen sueldo, ambiente laboral agradable, respeto por las normas de seguridad Descanso muy corto, muchos jefes por lo que las ordenes pueden variar de uno a otro y puede confundir al empleado.",neutral,Glassdoor,Burnout
"Best in class work environment
Experience working in robotic environment
Competitive work benefits and accommodations Too much physical work with not much of Job security
Pressure for target work negatively impact physical and mental health
Biased leadership - does not justify experience skills or ability but personal connections and nepotism works more for training promotion and preferred job roles",positive,Glassdoor,Training Gaps
"Good benefits, decent time off opportunities. Automatic hire without an interview. Management will move you around the building a lot. I was a top performer in order picking and was moved to pack nearly every day.",positive,Glassdoor,Scheduling Issues
They pay for you if you want to go to college. it's just a lot of work you have to do,neutral,Glassdoor,General Experience
"Good pay and benefits
Good people 
Safety first Biased management 
Work like robots
No growth/opportunities",positive,Glassdoor,General Experience
It was close to home Gloves were not strong enough,positive,Glassdoor,General Experience
Good experience for fresh college graduate very loud noise in Fulfillment center,positive,Glassdoor,General Experience
#NAME? #NAME?,neutral,Glassdoor,General Experience
"Good work culture and pay also
events for extracurriculam activity Quiet racist because most employee is belong from one group or race",negative,Glassdoor,General Experience
Work life balance and benefits Mandatory extra time is required,positive,Glassdoor,Scheduling Issues
The pay and benefits are really good Toxic work environment and favoritism,positive,Glassdoor,General Experience
"Attractive pay , Employee Benefits Contractual basis hiring based on business need",positive,Glassdoor,General Experience
"Muy Buenos beneficios.
Exelente ambiente de trabajo.
Ambiente de trabajo muy seguro.
Posibilidad de hacer carrera dentro de la empresa. Salario no esta mal, pero se podría mejorar mucho más para el trabajo que se hace allí.
Horarios rotativos (no te permite crear hábitos saludables ya que constantemente estás cambiando tu rutina diaria).
Trabajo fines de semana.
Trabajo muy repetitivo..",neutral,Glassdoor,General Experience
"Pay is comparable for ops poor work life balance, lack of leadership, very stressful job. No clear way for promotion or anyone to help you get there.",negative,Glassdoor,General Experience
"Career Choice program is a great way to start new career.
Good benefits Co-workers speak in non English to each other infront of you.",positive,Glassdoor,General Experience
Room to excel in your position Extra shifts are never available,positive,Glassdoor,Scheduling Issues
Choose own hours and the work is not bad once you get use to it Could be moved around a lot depending on different departments and sometimes hard to find shifts that you want to work in,neutral,Glassdoor,Scheduling Issues
"Pay and Benefits they provide like maternity, accommodation, insurance Work-life balance, Continuous work without sitting, almost all location with no public transportation, lack of chance in promotion and new skills as they show they are giving fair chance to everyone but it's not true at ground level. The people of certain community especially punjabi's got promotions at HR, PA and Manager level. Lack of support from HR as they are not giving proper information when you actually need. Safety at ground level is compromised by managers bcz they want more productivity to get promotion. The people who always praised their managers got extra-benefits on work and able to learn new skills than other hard-working associates",positive,Glassdoor,Training Gaps
I got plenty of time off for mental stuff when I needed it when other places would have fired me Then again.. this company might've contributed alot to why I needed so much time off lmao,neutral,Glassdoor,Scheduling Issues
Great experience because I got to see the warehouse built from ground up. Became repetitive at some point.,positive,Glassdoor,General Experience
"A bit of learning if you are at the right place and the right team or assigned the right team member as a mentor. Don't bother joining IT though, there are no financial perks in it since they don't have casual/contract roles. The contract is cleverly worded to get you to work on weekends/night shifts without offering weekend/night shift allowances. No on-call pay either but they do reimburse *mobile bills*.
I have seen this culture in all departments and more so in IT.
Excessive flattery towards leadership, playing office politics, Seeking favoritism from leadership, appeasing leadership for personal gain, unhealthy admiration of authority, prioritizing leadership approval over team collaboration, performing for leadership rather than contributing meaningfully, Dysfunctional work environment, Hostile workplace dynamics, Unhealthy team culture, Negative organizational climate, Counterproductive work atmosphere, Culture of fear and favoritism, Lack of psychological safety in the workplace, Unprofessional and unsupportive work environment, Workplace toxicity and favoritism.",neutral,Glassdoor,Scheduling Issues
Good place to work for lots of hours and keep you busy no down time . Cons low pay no insurance temp service position,negative,Glassdoor,Scheduling Issues
"Stocks given as bonuses, but they take 3-4 years to fully vest so can be a negative. The expectation is to work 7 days per week and always be available via phone. Even if you work 12 hours more is expected once you’re home. 
Upper management promotions should be based on achievements and how your team response to you, not being a ‘yes man’ The last GM/AGM were extremely unethical and only promoted people who would lie for them and they also fudged numbers",negative,Glassdoor,Scheduling Issues
"Easy job, and can move up if desired physically demanding
only care about rates",positive,Glassdoor,Burnout
"Competitive pay and benefits
Opportunity for career growth
Fast-paced and active work environment
Team-oriented workplace culture
Training provided, no experience required Repetitive tasks can be exhausting",positive,Glassdoor,Training Gaps
insane scope and opportunities- perks of being a part of huge company untalented people in Sr positions that have gone far playing politics. Hard to advance if you don't have an agreeable personanlity,positive,Glassdoor,General Experience
"Pay, peak time/bonus pay+hours, chill staff The labor and the lack of available resources/people for workers requests, troubles with job or app/pay.",negative,Glassdoor,Burnout
Flexible schedule adjust your time Too much competition sometimes you gotta lower your prices so much to get more deal but not good profit,positive,Glassdoor,Scheduling Issues
"Good working environment
Good pay Heavy lifting . Sometimes can be stressful",negative,Glassdoor,Burnout
It is the easiest job I ever had. They can get rid of you whenever they want.,positive,Glassdoor,General Experience
"Très bonne école
salaires généreux et CB avantageux demande un investissement personnel important,",positive,Glassdoor,General Experience
"Angemessen bezahlt und es gibt kein Dresscode bis auf Stahlkappenschuhe Verbot Die Security nervt ( ich weiß jemand von denen hat einen Sender ) von dem Magnet Tor wo man rein und raus geht 🤔.... 
Das Tor hat sogar dann gepiepst als ich 0 % Metal an hatte 😪",negative,Glassdoor,General Experience
#NAME? #NAME?,neutral,Glassdoor,General Experience
"Growth &amp; Development
Relationships
Innovation
Fun
The Actual Work is Awesome The cons are the same as they would be at any job.",positive,Glassdoor,General Experience
"Good benefits 
Environment
Team work 
Great pay I don’t think there is any downside",positive,Glassdoor,General Experience
"Needed a job fast, onboarding was fast, skills requirements low, pay was at a local average. It was fun to work at a robotics fulfillment center Metrics are always a part of their work experience. Day to day optimizations, PAs always coming by to give you feedback can make it seem like all that matters is your numbers. Focus on your numbers and output, focus focus focus. Problem for me was that even though I could do great and kept a high quality, maintaining that speed and quality was really draining, especially at 10 hour shifts in an industrial environment with literally only your 2 (sometimes none) neighbors to talk to to pass the long day of repetitive tasks. That's another thing, the physical and mental aspect of the repetitious task is not just mentally draining, but despite their regular safety meetings, warnings, and signs plastered all over the place, there's so much pressure to increase performance consistently that lots of people are cutting corners just to keep from getting canned. I myself ended up with a repetitive motion injury in my hand due to pulling items out of cubbies and it's basically already covered by their policies so there's nothing to do but grin and bear it. My recommendation? Educate yourself on the safety policies, speak up loudly and frequently in group settings when you feel something isn't safe (to keep leadership accountable) and don't push yourself physically to meet your numbers. It's difficult when you've got bills to pay but not worth your long term mobility and health. Build your skills and find work with another company that respects your body more.",positive,Glassdoor,Burnout
Good work and lot to learn Too much work and no work life balance,neutral,Glassdoor,Training Gaps
"Good pay, shift options and benefits Not being able to train well their employees",positive,Glassdoor,Scheduling Issues
"The benefits and how the Amazon AtoZ app worked was all great. It was so thorough and simple, and the work was repetitive but made time fly by. There was a decent bit of people up there that didn’t speak much English and it would be hard to communicate with them sometimes, but everyone was helpful when needed.",positive,Glassdoor,Burnout
"Good pay and benefits for the interns Since the site is 24 hours, you may get the night shift",positive,Glassdoor,Scheduling Issues
Daytime hours good for work/life balance Nighttime shift is an absolute mess,negative,Glassdoor,Scheduling Issues
hands on work with real experience managing associates overwork the interns like an associate if you don't differentiate yourself or advocate for work,neutral,Glassdoor,General Experience
"fixed hours.
both parttime and fulltime available should pay more for overtime.",negative,Glassdoor,Scheduling Issues
They provide a healthy salary. Every six months a salary hike and good benefits. They ask for difficult targets. There are some internal politics that still exist.,positive,Glassdoor,General Experience
"Good schedule , good pay Heavy work load, long shifts",negative,Glassdoor,Burnout
"good management, best work culture, nice colleagues shift patterns, break timings, team leads",positive,Glassdoor,Scheduling Issues
"Was a job that paid the bills. 
Makes you really appreciate working somewhere else Only cared about increasing productivity and not at all about the people. Whoever coined them as equality opportunity employees needs to look up the definition. 
Save your physical and mental well being an look for employment elsewhere.",positive,Glassdoor,General Experience
"If you want to have a smooth start at work, I think it's a good idea Internal promotion is a bit difficult and may take a long time.",negative,Glassdoor,General Experience
Horario flexible y muchos pluses en fin de semana El metro tarda mucho en llegar al prat,positive,Glassdoor,Scheduling Issues
"Job is not hard, the people were friendly and helpful. 12 hour work days during busy times",positive,Glassdoor,General Experience
"Fast paced, challenging and great learning opportunities; great overall benefits from day 1 Hectic hours, little flexibility, pay structure, call out culture leads to internal fights to show who is better",positive,Glassdoor,Scheduling Issues
Very simple and not complicated High expectations and comes with some petty drama,negative,Glassdoor,General Experience
"Gute Leitungen.
Gute Mitarbeitern
Gute Arbeit Es gibt keine Kontras für der Arbeit",neutral,Glassdoor,General Experience
Develops a strong work ethic for employees No consideration of human feeling within the workplace,positive,Glassdoor,General Experience
"I made a mistake leaving, never should have. Hard job to do, but well worth it. Can't get rehired. They aren't hiring now, or for the last while",positive,Glassdoor,General Experience
"The pay is not bad, and you are paid weekly. They work you like a dog, regardless of age or ability. Their retention rate is ridiculous, and their managers always quit or are moved around.",negative,Glassdoor,General Experience
"Can work with friends and can sometimes take your time. The job comes with sOME benefits A lot of work on the body. Depending where you’re placed, you’re doing the same thing for 10+ hours straight . lifting heavy heavy boxes.",positive,Glassdoor,Burnout
"Make own hours
Good pay
Free food sometimes Receptive 
Brain mush
Boring
Physically and mentally draining",positive,Glassdoor,Burnout
Benefit and vacation and TPO Big loads hard hours long,positive,Glassdoor,Scheduling Issues
"Ok money, good supervisors, swag bucks Heavy lifting/ safety is a concern but don't expect them to care or pay you for your injuries",positive,Glassdoor,Burnout
"Competitive pay and benefits (healthcare, 401k, stock options).
Opportunities for career advancement and skill development.
Fast-paced, engaging work environment.
Supportive team culture with approachable management.
Job stability with a global company. Physically demanding, especially during peak seasons.
Long shifts with limited break times.
Fluctuating workload, sometimes stressful.
Noisy warehouse environment.",neutral,Glassdoor,Burnout
The pay was good that’s pretty much it It’s a lot of drama and it’s all about who you know to do what you wanna do there. Even if you get a different roll you still will be paid the same.,positive,Glassdoor,General Experience
"The job is repetitive, relatively easy to learn. HR is onsite and helpful. The job is physically demanding, but once you get used to it it isn't so bad. Work ethic varies greatly, and hard work is not appreciated besides compliments from managers.",positive,Glassdoor,Training Gaps
"decent pay for the type of work
great benefits (insurance, 401k, company stock and education/Career Choice)
generous time-off policy
plenty of people to get to know if you are a people person very physically demanding
keeping your job depends on your rate -- your rate can depend on your waterspider who may not care that you do not have enough work/""good"" work to make rate and stay out of the bottom 5%",positive,Glassdoor,Training Gaps
It pays the bills I guess. The flex up / flex down thing here can be really annoying.,negative,Glassdoor,Scheduling Issues
Work on your own terms Heavy items when slow season,neutral,Glassdoor,Burnout
Very good and nice culture need to improve the salary range,positive,Glassdoor,General Experience
The benefits starts on day1 The standing for a long period of times and short lunches,positive,Glassdoor,Burnout
"The pay was good, and the time off accumulating every shift was nice They really didn’t care about their workers when I worked there. 
Bathroom breaks were like they were not acceptable",positive,Glassdoor,Scheduling Issues
"Simple to do, 4 day work week 10 hour shifts and have to deal with heat and rain,",neutral,Glassdoor,Burnout
Decent pay here at this job nothing too crazy As a part time you only get 15 mins break,positive,Glassdoor,Scheduling Issues
You will gain alot of knowledge Be ready to stand for the whole shift,positive,Glassdoor,Scheduling Issues
"Mutiple time off options. Above average health insurance options. Small department, not a lot of room to move up without moving.",neutral,Glassdoor,Scheduling Issues
"lots of overtime. Worked 60hours/week The cons are the same as the pros, but this website doesn't allow me to copy the same response.",positive,Glassdoor,Scheduling Issues
"Freedom
Opportunities
Career choice
Decent Pay Physically tiring
Poor Training
Not enough benefits",positive,Glassdoor,Training Gaps
"Good managers, a lot of overtime available Cold warehouse. Lonely isolating job",negative,Glassdoor,Scheduling Issues
Good pay rate for Associates Lot of internal politics in the Amazon warehouses,negative,Glassdoor,General Experience
Good place to start a warehouse job. Temperature is a little chilly.,neutral,Glassdoor,General Experience
"PTO, same work every night. Lots of turn over. Monotonous",neutral,Glassdoor,Scheduling Issues
They have really good benefits Some jobs can get overwhelming,positive,Glassdoor,General Experience
"Easy, not much weight to handle long shifts, stationed in one place",positive,Glassdoor,Burnout
"Good money better than average job Favouritism, no appreciation, more work you do more you’ll get, less work you do less they will give",positive,Glassdoor,General Experience
Fast Advancements and great benefits Very high turnover and not much accountability. Very long hours during holiday season.,positive,Glassdoor,Scheduling Issues
Simple work is required of you. Their rate per hour is slightly unreasonable due to the fact if the items are heavy in total it’s harder to walk around while pushing the heavy cart.,neutral,Glassdoor,Burnout
"Great benefits, very flexible, lots of different positions to try out incase you don’t like your main role. Free holiday meals once a year. Come and leave work whenever you want using your unpaid time or pto. They lay for school and offer career programs although the tests to get into them are very difficult Forced mandatory extra time. (My MET was 5 days of 11 1/2 hours and my regular shift is 3 days of 12 hours) you will get forced to cross trained and you will get labor shares to different departments wether you like that position or not. They have a very high expectations for making “rates” in your position. Managers and anyone in lead positions will micromanage and breathe down your neck. You are always getting watched and judged and everyone will shut down any minimal concern you have because nobody cares. They just care about saving their own behind. If you get hurt, well you better pray that you don’t because their AmCare will send you to their own doctor and they will lie and say you weren’t hurt at all so that they don’t have to pay for your injury or have you sue them. Some departments are very strict and WILL find reasons to write you up. You have to use some of your break time to get back to your station and sign in and scan something by the end of your break or you will get in trouble. You will use some of your break time just walking to the break area because it is SO far and so are the restrooms and don’t forget you need to use your break time to come back from break on time or you’ll get in trouble",neutral,Glassdoor,Scheduling Issues
A lot of hard work Only care about the numbers,positive,Glassdoor,General Experience
"It has good base pay, health benefits, and paid vacation. Work is heavy sometimes and need physical strength.",positive,Glassdoor,Burnout
"Employment stability 
Competitive pay
Benefits 
Diverse workforce Physical demands 
Management challenges 
Monotonous tasks
High turnover rates
Fast spaced environment",positive,Glassdoor,General Experience
Paid by the hour and if u stay long enough u get better pay well at least 1$ up From what I've heard they treat ya like a number or a robot,positive,Glassdoor,General Experience
"Great benefits, great people to work with. The work is very physically demanding",positive,Glassdoor,Burnout
Good pay from the company and lovely colleagues Too much heat and a lot of noise,positive,Glassdoor,General Experience
good pay and nice shift hours politics and partiality play a major role,positive,Glassdoor,Scheduling Issues
Flexible working schedules and good pay Extremely physical. Employees treated as machine sometimes.,positive,Glassdoor,Scheduling Issues
"Good benefits.
Valuable working experience.
Opportunities to learn and grow. Poor management support.
Lack of understanding during personal hardships.
Unfair treatment when injured on the job.
High-pressure environment with unrealistic expectations at times.",neutral,Glassdoor,Training Gaps
"Good benefits, learned new skills, upper management was helpful, leadership helped get promoted to corporate Favoritism, Peak OT was ""insane"" and mandatory",positive,Glassdoor,Training Gaps
"Discounts online amazon shopping, PTO, 4 day work week, overtime available Lots of micro management, lots of standing up and walking throughout shift",neutral,Glassdoor,Scheduling Issues
"Massive Canteen, Prayer room for muslims, bus for amazon staff, two breaks each 30 mins and good income Repetitive Work, Long Hours especially during Peak Season, Universal Stations",negative,Glassdoor,Scheduling Issues
"Good pay, friendly team and supportive each department Political enviornment, not good for long term",positive,Glassdoor,General Experience
"Good pay, simple tasks, two breaks, friendly coworkers High productivity targets, stressful during peak season",neutral,Glassdoor,Scheduling Issues
"Easy to get hired, flexible schedule, reliable income Standing 10+ hours, sore muscles, boring repetition",neutral,Glassdoor,Scheduling Issues
"Fast-paced environment, overtime available, helpful team leads Monotonous duties, strict rate tracking",positive,Glassdoor,Scheduling Issues
"Benefits start early, clean facility, organized workflow Mandatory extra time, poor work-life balance",positive,Glassdoor,Scheduling Issues
"Good overtime pay, stable hours, supportive coworkers Limited advancement, repetitive stations",neutral,Glassdoor,Scheduling Issues
"Easy to learn, low skill barrier, steady paycheck Favoritism, poor communication, frequent changes",negative,Glassdoor,Training Gaps
"Choose shifts, decent pay, safe workplace Not engaging, repetitive, high turnover",positive,Glassdoor,Scheduling Issues
"Quick hiring, weekly pay, light supervision Pressure to hit rates, repetitive scanning work",negative,Glassdoor,General Experience
"Large break rooms, transportation options, good benefits package Long shifts, little variety, mentally draining",positive,Glassdoor,Burnout
"Benefits start early, clean facility, organized workflow Repetitive counting tasks, long hours standing, strict performance metrics",positive,Glassdoor,Burnout
