review_id,rating_date,count_helpful,count_unhelpful,employee_length,employee_status,employee_type,flag_covid,flag_featured,flags_business_outlook,flags_ceo_approval,flags_recommend_frend,rating_culture_values,rating_diversity_inclusion,rating_overall,rating_work_life,summary,company_name,employee_location,employee_job_title,advice_to_management,review_pros,review_cons,rating_compensation_benefits,rating_senior_leadership,rating_career_opportunities,pros_cleaned,cons_cleaned,pros_polarity,cons_polarity,sentiment_polarity,sentiment_label
1,2025-06-03T00:00:00.000Z,0,0,0,REGULAR,Current employee,False,False,,,,0,0,3,0,Amazon,Amazon Fulfillment Center,"Richmond, VA",Warehouse Fulfillment Associate,don’t micro manage,"not interactive 
can leave or take off whenever as long as you have time 
easy work","inhumane 
draining physically &amp; mentally",0,0,0,interactive leave take whenever long time easy,inhumane draining physically &; mentally,0.4019,0.0,0.20095,positive
2,2025-05-29T00:00:00.000Z,0,0,1,CONTRACT,"Current employee, less than 1 year",False,False,POSITIVE,APPROVE,POSITIVE,5,5,4,3,Good,Amazon Fulfillment Center,"Brampton, ON",Warehouse Associate,Remove all attitude manager from warehouse,good and easy work enviorment,"Sticks rules and completing targets any how, otherwise get warning",5,3,5,easy enviorment,"sticks rules completing targets how, otherwise warning",0.4404,-0.34,0.050199999999999995,positive
3,2025-05-28T00:00:00.000Z,0,0,1,REGULAR,"Current employee, less than 1 year",False,False,POSITIVE,APPROVE,POSITIVE,5,5,5,5,Good experience,Amazon Fulfillment Center,"Bolton, ON",Warehouse Associate,,"help to grow , good pay ,","limited opportunities for advancement,No clear path for promotion",5,5,5,help grow pay,"limited opportunities advancement,no clear path promotion",0.3182,0.5106,0.4144,positive
4,2025-05-26T00:00:00.000Z,0,0,2,PART_TIME,Current employees,False,False,POSITIVE,APPROVE,POSITIVE,2,2,3,2,Dhdh,Amazon Fulfillment Center,"Swedesboro, NJ",Employee,,"Plenty of work
Meet new people","Tough on the body
Labor intensive",2,2,3,plenty meet new,tough body labor intensive,0.0,-0.128,-0.064,negative
5,2025-05-23T00:00:00.000Z,0,0,0,REGULAR,Current employee,False,False,,,,0,0,4,0,Good Pay rate,Amazon Fulfillment Center,"Whitby, ON",Fulfillment Associate,,"Good Holiday pay 
Additional benefits for permanent employees",Not hiring permanent employees directly,0,0,0,holiday pay additional benefits permanent employees,hiring permanent employees directly,0.5994,0.0,0.2997,positive
6,2025-05-18T00:00:00.000Z,0,0,2,REGULAR,Former employees,False,False,,,,3,3,3,3,worst American sweat shop,Amazon Fulfillment Center,"Kenosha, WI",Warehouse Associate,,"Nice people, Great pay and benefits.",management does not care about its employees. hours are way to long.,4,2,3,"nice people, great pay benefits.",management care employees. hours way long.,0.8442,0.4939,0.6690499999999999,positive
7,2025-05-17T00:00:00.000Z,0,0,4,REGULAR,Current employees,False,False,NEGATIVE,NO_OPINION,NEGATIVE,4,4,4,3,warehouse,Amazon Fulfillment Center,"Oklahoma City, OK",Associate,should have physical strength,"learn lift trucks, pallet jack, flex schedule/ Shifts","fast paced working environment, weight lifting",5,5,4,"learn lift trucks, pallet jack, flex schedule/ shifts","fast paced environment, weight lifting",0.0,0.0,0.0,neutral
8,2025-05-15T00:00:00.000Z,0,0,0,REGULAR,Current employee,False,False,,,,2,4,2,1,less than ideal,Amazon Fulfillment Center,,,no,decent work that wasnt too miserable,people in charge wasnt very good,3,2,4,decent wasnt miserable,charge wasnt,0.3875,0.0,0.19375,positive
9,2025-05-14T00:00:00.000Z,0,0,1,REGULAR,"Former employee, less than 1 year",False,False,,,,0,0,3,0,Amazon,Amazon Fulfillment Center,"Clarksville, TN",Fulfillment Associate,Get better,"Good pay, not too long hours",Management absolutely is terrible at communicating,4,0,3,"pay, long hours",management absolutely terrible communicating,-0.1027,-0.5256,-0.31415,negative
10,2025-05-14T00:00:00.000Z,0,0,1,,"Former employee, less than 1 year",False,False,,,,0,0,2,0,Keep Going keep trying,Amazon Fulfillment Center,"Appleton, WI",Warehouse Worker,,Workout and regularly routine habit,"More work life,  less sleep .",0,0,0,workout regularly routine habit,"life, less sleep",0.0,0.0,0.0,neutral
11,2025-05-13T00:00:00.000Z,0,0,4,REGULAR,Former employees,False,False,POSITIVE,APPROVE,POSITIVE,5,5,5,5,Amazon Fulfillment Center BDL2,Amazon Fulfillment Center,"Windsor, CT",Picker/Packer,Appreciation for employees,"Tuition reimbursement 
Schedule flexibility 
Benefits
Salary
Overtime opportunities","Standing +10 hours
Noise
Safety hazards 
Overworking
Get write ups for not meeting their rate expectations",5,4,4,tuition reimbursement schedule flexibility benefits salary overtime opportunities,standing +10 hours noise safety hazards overworking write ups meeting rate expectations,0.765,0.4215,0.59325,positive
12,2025-05-07T00:00:00.000Z,0,0,0,REGULAR,Current employee,False,False,,,,0,0,3,0,pro/cons,Amazon Fulfillment Center,"Sparrows Point, MD",WHSS,,The benefits are great and start immediately,The workplace culture is bad,0,0,0,benefits great start immediately,workplace culture,0.7717,0.0,0.38585,positive
13,2025-05-04T00:00:00.000Z,0,0,0,REGULAR,Former employee,False,False,,,,0,0,5,0,warehouse associate,Amazon Fulfillment Center,"Ajax, ON",Warehouse Associate,,"good pay
stress-free
hard working","night-shift
overtime
no cons at all",0,0,0,pay stress-free hard,night-shift overtime cons,-0.2023,0.0,-0.10115,negative
14,2025-05-04T00:00:00.000Z,0,0,2,REGULAR,Current employees,False,False,,,,0,0,3,0,Not the worst,Amazon Fulfillment Center,"Louisville, TN",FC Associate I,,"4 day weeks, good benefits. OT usually available",Its a physical job so prepare to be tired.,0,0,0,"day weeks, benefits. usually available",physical prepare tired.,0.3818,-0.4404,-0.02930000000000002,neutral
15,2025-04-27T00:00:00.000Z,0,0,1,REGULAR,"Former employee, less than 1 year",False,False,,,POSITIVE,0,0,4,1,One full year of employment,Amazon Fulfillment Center,"Suffolk, VA",Shipping and Receiving,,A good reference for previous work.,No cons to my knowledge.,0,0,0,reference previous work.,cons knowledge.,0.0,0.0,0.0,neutral
16,2025-04-24T00:00:00.000Z,0,0,1,REGULAR,"Former employee, less than 1 year",False,False,NEGATIVE,DISAPPROVE,NEGATIVE,1,1,2,3,worst experience ever,Amazon Fulfillment Center,"Hamilton, ON",Order Picker,"lose the hiring bias, you know what I mean",most of the people were great,"fired without notification, one day my badge just didnt work, wasting my time and my bus fare",3,1,3,great,"fired without notification, one day badge didnt work, wasting time bus fare",0.6249,-0.3274,0.14875,positive
17,2025-04-24T00:00:00.000Z,0,0,1,PART_TIME,"Former employee, less than 1 year",False,False,,,,5,0,5,0,Amazing expirience,Amazon Fulfillment Center,,Project Management Intern,,"Quality work
Lot to learn","No contract extenscion
Hard to find anything in Amazon again",4,0,5,quality learn,contract extenscion hard find anything,0.0,-0.1027,-0.05135,negative
18,2025-04-23T00:00:00.000Z,0,0,2,REGULAR,Current employees,False,False,POSITIVE,APPROVE,POSITIVE,5,5,3,3,Good environment,Amazon Fulfillment Center,"Ottawa, ON",Associate,,nice to start for students,not for long term job,5,5,5,nice start students,long term,0.4215,0.0,0.21075,positive
19,2025-04-21T00:00:00.000Z,0,0,0,PART_TIME,Current employee,False,False,,,,0,0,4,0,Good place,Amazon Fulfillment Center,"Durham, NC",Warehouse Associate,,flexible schedule if you are felx,work can feel repetitive and boring,0,0,0,flexible schedule felx,feel repetitive boring,0.2263,-0.5106,-0.14215000000000003,negative
20,2025-04-19T00:00:00.000Z,0,0,2,REGULAR,Current employees,False,False,NEUTRAL,NO_OPINION,POSITIVE,5,5,4,5,Great,Amazon Fulfillment Center,"Reno, NV",Production,,"Nice place to work
Nice hours for night shift 6:30pm-5am
UPT PTO and Vacation",There is favoritism- like any other job.,4,5,5,nice nice hours night shift 6:30pm-5am upt pto vacation,favoritism- job.,0.6808,0.1779,0.42935,positive
21,2025-04-16T00:00:00.000Z,0,0,2,REGULAR,Former employees,False,False,NEGATIVE,NO_OPINION,NEGATIVE,3,4,3,1,Okay for the most part,Amazon Fulfillment Center,"Chicago, IL",Driver,Get better with scheduling,During peak season good pay and great hours,When peak season over it leave you struggling,3,4,2,peak season pay great hours,peak season leave struggling,0.5719,-0.4588,0.05654999999999999,positive
22,2025-04-15T00:00:00.000Z,0,0,4,REGULAR,Current employees,False,False,,,NEGATIVE,5,5,4,2,good company to work,Amazon Fulfillment Center,"Cambridge, ON",Process Assistant,,Good pay for a process assistant.,"bit stressful, to be honest, as we have a tight workload in our station.",4,3,4,pay process assistant.,"bit stressful, honest, tight workload station.",-0.1027,0.0,-0.05135,negative
23,2025-04-11T00:00:00.000Z,0,0,1,REGULAR,"Former employee, less than 1 year",False,False,NEGATIVE,DISAPPROVE,NEGATIVE,1,1,1,1,Behandlung von Mitarbeitern,Amazon Fulfillment Center,Winsen (Luhe),Area Manager,"Das Management gibt vor, sich um Sie zu kümmern und Sie kennen zu lernen und Ihnen zu helfen. In Wirklichkeit geht es aber darum, Sie auszubeuten und in der Schwebe zu halten.","Die Bezahlung und die berufliche Entwicklung, die man durch die Begegnung mit vielen Menschen und das Erlernen neuer Prozesse erfährt.","In dieser FC werden Mitarbeiter und Neueinstellungen wie Nummern behandelt, und sie versuchen, dich loszuwerden, wenn du ihren toxischen Standards nicht mit den niedrigsten Manieren gerecht wirst.",4,1,2,"die bezahlung und die berufliche entwicklung, die man durch die begegnung mit vielen menschen und das erlernen neuer prozesse erfährt.","dieser werden mitarbeiter und neueinstellungen wie nummern behandelt, und sie versuchen, dich loszuwerden, wenn ihren toxischen standards nicht mit den niedrigsten manieren gerecht wirst.",-0.9485,0.0,-0.47425,negative
24,2025-04-09T00:00:00.000Z,0,0,2,REGULAR,Former employees,False,False,POSITIVE,APPROVE,POSITIVE,5,5,4,4,Good Benefits and Management,Amazon Fulfillment Center,"Barrhaven, ON",Fulfillment Associate,,"Wage increase 3, 6, 12 month and so on.

Great Full-time benefits 

Work Perks and Discount through Venngo",Warehouse (repetitive work and corporation like layout) dull.. but great people and management,5,4,4,wage increase month on. great full-time benefits perks discount venngo,warehouse (repetitive corporation layout) dull.. great management,0.8402,0.1027,0.47145,positive
25,2025-04-08T00:00:00.000Z,0,0,2,REGULAR,Current employees,False,False,,,,4,2,4,3,Its pretty good at working at Amazon,Amazon Fulfillment Center,"Hamilton, ON",Associate,,Good wages as a Warehouse associate,working environment gets a little bit noisy,5,5,3,wages warehouse associate,environment gets little bit noisy,0.0,-0.1082,-0.0541,negative
26,2025-04-02T00:00:00.000Z,0,0,1,REGULAR,"Current employee, less than 1 year",False,False,NEGATIVE,DISAPPROVE,NEGATIVE,1,1,1,1,Avoid working here at all cost,Amazon Fulfillment Center,"Saint Peters, MO",Picker,,"Always hours available, anytime pay","Long hours, minimal light, will write you up for bathroom breaks, mandatory overtime with little to no heads up. This place drains you emotionally and physically.",1,1,1,"always hours available, anytime pay","long hours, minimal light, write bathroom breaks, mandatory overtime little heads up. drains emotionally physically.",-0.1027,0.0772,-0.012749999999999997,neutral
27,2025-04-01T00:00:00.000Z,0,0,0,PART_TIME,Current employee,False,False,,,,0,0,4,0,Ok,Amazon Fulfillment Center,"Corona, CA",Warehouse,,Easy starter job to work at,Can be fast paced and employment depends on management,0,0,0,easy starter,fast paced employment depends management,0.4404,0.0,0.2202,positive
28,2025-03-31T00:00:00.000Z,0,0,0,REGULAR,Current employee,False,False,,,,3,3,3,5,Amazon Fulfillment Center,Amazon Fulfillment Center,Illescas,Mozo de almac%C3%A9n,,"Seguridad, compañerismo, comodidad, rotativos, adaptabilidad","Trabajo cansado, fines de semana, no posibilidad de cobrar más",3,3,2,"seguridad, compañerismo, comodidad, rotativos, adaptabilidad","trabajo cansado, fines semana, posibilidad cobrar más",0.0,0.0,0.0,neutral
29,2025-03-31T00:00:00.000Z,0,0,0,REGULAR,Former employee,False,False,,,,0,0,4,0,fun,Amazon Fulfillment Center,"San Bernardino, CA",Inbound Stower,,benefits and not bad pay,no cons it was easy work people just complain,0,0,0,benefits pay,cons easy complain,0.296,0.1027,0.19935,positive
30,2025-03-31T00:00:00.000Z,0,0,1,REGULAR,"Current employee, less than 1 year",False,False,,,,0,0,5,0,Fulfillment Center,Amazon Fulfillment Center,"Aurora, CO",Warehouse Associate,,"Flexible Schedule
4 day/10 hour shifts
Low Stress Environment
Frequent Overtime Opportunity","Monotonous Work
Not Particularly Rewarding Work
Work Can Become Slow from January to May",0,0,0,flexible schedule day/10 hour shifts low stress environment frequent overtime opportunity,monotonous particularly rewarding become slow january may,-0.0516,0.5709,0.25965,positive
31,2025-03-31T00:00:00.000Z,0,0,0,,Former employee,False,False,,,,0,0,4,0,Buen trabajo,Amazon Fulfillment Center,Coslada,Mozo De Almacen,,"Buen sueldo, ambiente laboral agradable, respeto por las normas de seguridad","Descanso muy corto, muchos jefes por lo que las ordenes pueden variar de uno a otro y puede confundir al empleado.",0,0,0,"buen sueldo, ambiente laboral agradable, respeto por las normas seguridad","descanso muy corto, muchos jefes por que las ordenes pueden variar uno otro puede confundir empleado.",0.0,0.0,0.0,neutral
32,2025-03-27T00:00:00.000Z,0,0,2,REGULAR,Current employees,False,False,NEGATIVE,APPROVE,NEGATIVE,3,4,3,3,Amazon Warehouse Associate,Amazon Fulfillment Center,"Ottawa, ON",Process Associate,"Try to focus more on employee engagement and break the barriers of community, race or personal biases
Give opportunities to employees to grow rather than nurturing a neo slavery attitude
There are many associates who are skilled and experienced but working in warehouse due to personal situation. Leadership should give them opportunity to optimize their skills and experience rather than taking their advantage and utilizing them for only labor works.","Best in class work environment
Experience working in robotic environment
Competitive work benefits and accommodations","Too much physical work with not much of Job security
Pressure for target work negatively impact physical and mental health
Biased leadership - does not justify experience skills or ability but personal connections and nepotism works more for training promotion and preferred job roles",3,2,3,best class environment experience robotic environment competitive benefits accommodations,much physical much security pressure target negatively impact physical mental health biased leadership justify experience skills ability personal connections nepotism works training promotion preferred roles,0.8176,0.1027,0.46015,positive
33,2025-03-26T00:00:00.000Z,0,0,1,REGULAR,"Former employee, less than 1 year",False,False,NEUTRAL,APPROVE,POSITIVE,0,0,4,0,Hard work but decent pay,Amazon Fulfillment Center,"Edgemere, MD",Order Picker,,"Good benefits, decent time off opportunities. Automatic hire without an interview.",Management will move you around the building a lot. I was a top performer in order picking and was moved to pack nearly every day.,0,0,0,"benefits, decent time opportunities. automatic hire without interview.",management move around building lot. top performer order picking moved pack nearly every day.,0.6369,0.2023,0.41960000000000003,positive
34,2025-03-26T00:00:00.000Z,0,0,1,PART_TIME,"Former employee, less than 1 year",False,False,,,POSITIVE,3,4,4,3,amzn,Amazon Fulfillment Center,"San Antonio, TX",Fulfullment Associate,,They pay for you if you want to go to college.,it's just a lot of work you have to do,2,1,3,pay want college.,,-0.0258,0.0,-0.0129,neutral
35,2025-03-24T00:00:00.000Z,0,0,2,REGULAR,Current employees,False,False,NEGATIVE,,NEGATIVE,4,3,3,4,Salary,Amazon Fulfillment Center,"Ajax, ON",Warehouse Associate,,"Good pay and benefits
Good people 
Safety first","Biased management 
Work like robots
No growth/opportunities",4,1,1,pay benefits safety first,biased management robots growth/opportunities,0.6124,-0.2732,0.16960000000000003,positive
36,2025-03-20T00:00:00.000Z,0,0,0,REGULAR,Former employee,False,False,,,,0,0,3,0,Amazon Warehouse,Amazon Fulfillment Center,"Grand Rapids, MI",Warehouse Team Member,,It was close to home,Gloves were not strong enough,0,0,0,close home,gloves strong enough,0.0,0.5106,0.2553,positive
37,2025-03-19T00:00:00.000Z,0,0,0,REGULAR,Current employee,False,False,,,NEGATIVE,2,2,3,1,Good experience,Amazon Fulfillment Center,"Tracy, CA",,,Good experience for fresh college graduate,very loud noise in Fulfillment center,3,1,4,experience fresh college graduate,loud noise fulfillment center,0.3182,0.0,0.1591,positive
38,2025-03-19T00:00:00.000Z,0,0,1,PART_TIME,"Former employee, less than 1 year",False,False,,,,0,0,4,0,Good place to work seasonally,Amazon Fulfillment Center,"West Jefferson, OH",Associate,,#NAME?,#NAME?,0,0,0,#name?,#name?,0.0,0.0,0.0,neutral
39,2025-03-18T00:00:00.000Z,0,0,1,CONTRACT,"Former employee, less than 1 year",False,False,POSITIVE,APPROVE,POSITIVE,4,5,5,4,Inbound Receiving,Amazon Fulfillment Center,"Brampton, ON",Warehouse Associate,,"Good work culture and pay also
events for extracurriculam activity",Quiet racist because most employee is belong from one group or race,5,5,5,culture pay events extracurriculam activity,quiet racist employee belong one group race,-0.1027,-0.6124,-0.35755000000000003,negative
40,2025-03-18T00:00:00.000Z,0,0,2,REGULAR,Current employees,False,False,,,,5,5,5,5,Satisfied,Amazon Fulfillment Center,"London, ON",Associate,,Work life balance and benefits,Mandatory extra time is required,5,5,5,life balance benefits,mandatory extra time required,0.3818,0.0772,0.22949999999999998,positive
41,2025-03-13T00:00:00.000Z,0,0,0,REGULAR,Former employee,False,False,,,POSITIVE,3,2,4,4,Easy money,Amazon Fulfillment Center,,AA(Amazon Associate),,The pay and benefits are really good,Toxic work environment and favoritism,5,4,4,pay benefits,toxic environment favoritism,0.296,0.1779,0.23695,positive
42,2025-03-12T00:00:00.000Z,0,0,0,PART_TIME,Former employee,False,False,,,,0,0,4,0,Good salary and benefits,Amazon Fulfillment Center,"Mississauga, ON",Warehouse Worker,,"Attractive pay , Employee Benefits",Contractual basis hiring based on business need,0,0,0,attractive pay employee benefits,contractual basis hiring based business need,0.6249,0.0,0.31245,positive
43,2025-03-08T00:00:00.000Z,0,0,0,REGULAR,Current employee,False,False,POSITIVE,APPROVE,POSITIVE,5,5,4,1,Muy buena opción de trabajo.,Amazon Fulfillment Center,,Mozo De Almacen,Tener coche propio ya que no hay manera de trasladarse en transporte público.,"Muy Buenos beneficios.
Exelente ambiente de trabajo.
Ambiente de trabajo muy seguro.
Posibilidad de hacer carrera dentro de la empresa.","Salario no esta mal, pero se podría mejorar mucho más para el trabajo que se hace allí.
Horarios rotativos (no te permite crear hábitos saludables ya que constantemente estás cambiando tu rutina diaria).
Trabajo fines de semana.
Trabajo muy repetitivo..",3,3,3,muy buenos beneficios. exelente ambiente trabajo. ambiente trabajo muy seguro. posibilidad hacer carrera dentro empresa.,"salario esta mal, pero podría mejorar mucho más para trabajo que hace allí. horarios rotativos (no permite crear hábitos saludables que constantemente estás cambiando rutina diaria). trabajo fines semana. trabajo muy repetitivo..",0.0,0.0,0.0,neutral
44,2025-03-07T00:00:00.000Z,0,0,4,REGULAR,Former employees,False,False,NEGATIVE,DISAPPROVE,NEGATIVE,1,1,2,1,culture terrible,Amazon Fulfillment Center,"San Antonio, TX",Pathways Operations Manager,,Pay is comparable for ops,"poor work life balance, lack of leadership, very stressful job. No clear way for promotion or anyone to help you get there.",4,1,3,pay comparable ops,"poor life balance, lack leadership, stressful job. clear way promotion anyone help there.",-0.1027,-0.5267,-0.3147,negative
45,2025-03-05T00:00:00.000Z,0,0,0,REGULAR,Current employee,False,False,,,,0,0,4,0,Easy work,Amazon Fulfillment Center,"Bolton, ON",Warehouse Associate,,"Career Choice program is a great way to start new career.
Good benefits",Co-workers speak in non English to each other infront of you.,0,0,0,career choice program great way start new career. benefits,co-workers speak non english infront you.,0.7717,0.0,0.38585,positive
46,2025-03-03T00:00:00.000Z,0,0,0,PART_TIME,Current employee,False,False,,,,0,0,5,0,Cool place to work,Amazon Fulfillment Center,"Waukegan, IL",FC Associate,,Room to excel in your position,Extra shifts are never available,0,0,0,room excel position,extra shifts never available,0.4588,0.0,0.2294,positive
47,2025-03-03T00:00:00.000Z,0,0,2,PART_TIME,Current employees,False,False,,,,4,4,5,5,Not bad,Amazon Fulfillment Center,"Kent, WA",Flex Associate,,Choose own hours and the work is not bad once you get use to it,Could be moved around a lot depending on different departments and sometimes hard to find shifts that you want to work in,4,5,4,choose hours use,moved around depending different departments sometimes hard find shifts want,0.0,-0.0258,-0.0129,neutral
48,2025-03-03T00:00:00.000Z,0,0,2,REGULAR,Current employees,False,False,NEUTRAL,APPROVE,POSITIVE,5,5,3,2,"Review of Fulfillment Centre at St. Thomas, ON",Amazon Fulfillment Center,,FC Associate I,"- Provide everyone equal chance
- Make All managers more responsible towards all associates bcz sometimes associates don't know the actual information of them when they ask help from managers and what they say to HR or Safety team
- Hiring of positions specially PA(Process Assistant) and Learning needs to be evaluated based on your ground level performance not based on connections (if your relatives who are in higher position get  hired in PA / Learning ) 
- Safety team needs to be more responsible bcz mostly they don't took actions against managers who needs more productivity to get promoted so that Associates are presurised to maintain those productivity and compromise safety which ultimately creates critical health issues for associates
- Some associates got less work or promoted or learn new skills compared to others as they are favourite of Managers or relatives. Plz stop this to be fair with everyone","Pay and Benefits they provide like maternity, accommodation, insurance","Work-life balance, Continuous work without sitting, almost all location with no public transportation, lack of chance in promotion and new skills as they show they are giving fair chance to everyone but it's not true at ground level. The people of certain community especially punjabi's got promotions at HR, PA and Manager level. Lack of support from HR as they are not giving proper information when you actually need. Safety at ground level is compromised by managers bcz they want more productivity to get promotion. The people who always praised their managers got extra-benefits on work and able to learn new skills than other hard-working associates",5,3,3,"pay benefits provide maternity, accommodation, insurance","work-life balance, continuous without sitting, almost location public transportation, lack chance promotion new skills show giving fair chance everyone true ground level. certain community especially punjabi's promotions hr, manager level. lack support giving proper information actually need. safety ground level compromised managers bcz want productivity promotion. always praised managers extra-benefits able learn new skills hard-working associates",0.296,0.9545,0.62525,positive
49,2025-03-02T00:00:00.000Z,0,0,2,REGULAR,Former employees,False,False,NEUTRAL,NO_OPINION,NEGATIVE,1,3,3,5,Too monotonous for me.,Amazon Fulfillment Center,"Bessemer, AL",Inbound Stower,"I understood the safety risk thing but the rule against having SOMETHING to distract you from the noise in your head for 10-11 hrs day after day when you're someone like me was kinda rough. Almost torturous. Just let people listen to music, man. lol",I got plenty of time off for mental stuff when I needed it when other places would have fired me,Then again.. this company might've contributed alot to why I needed so much time off lmao,4,1,1,plenty time mental stuff needed places fired,again.. might've contributed alot needed much time lmao,-0.5574,0.5994,0.02100000000000002,neutral
50,2025-03-01T00:00:00.000Z,0,0,4,PART_TIME,Current employees,False,False,,,,0,0,5,0,It was alright.,Amazon Fulfillment Center,"Hawthorne, CA",Warehouse Associate,,Great experience because I got to see the warehouse built from ground up.,Became repetitive at some point.,0,0,0,great experience see warehouse built ground up.,became repetitive point.,0.6249,-0.25,0.18745,positive
51,2025-03-01T00:00:00.000Z,0,0,6,REGULAR,Current employees,False,False,,,NEGATIVE,1,1,1,4,Workplace toxicity and favoritism,Amazon Fulfillment Center,Sydney,IT Support Engineer,Apply practices that you preach and ensure it is followed by all and not just by the employees in the lower tier of the Organization's hierarchy. Train the Leaders and make sure they are doing due deligence for their role. Training future leaders won't make a bigger impact if the current leaders are exercising bias and have toxic traits while moving up the ladder.,A bit of learning if you are at the right place and the right team or assigned the right team member as a mentor.,"Don't bother joining IT though, there are no financial perks in it since they don't have casual/contract roles. The contract is cleverly worded to get you to work on weekends/night shifts without offering weekend/night shift allowances. No on-call pay either but they do reimburse *mobile bills*.
I have seen this culture in all departments and more so in IT.
Excessive flattery towards leadership, playing office politics, Seeking favoritism from leadership, appeasing leadership for personal gain, unhealthy admiration of authority, prioritizing leadership approval over team collaboration, performing for leadership rather than contributing meaningfully, Dysfunctional work environment, Hostile workplace dynamics, Unhealthy team culture, Negative organizational climate, Counterproductive work atmosphere, Culture of fear and favoritism, Lack of psychological safety in the workplace, Unprofessional and unsupportive work environment, Workplace toxicity and favoritism.",1,1,2,bit learning right right team assigned right team member mentor.,"bother joining though, financial perks since casual/contract roles. contract cleverly worded weekends/night shifts without offering weekend/night shift allowances. on-call pay either reimburse *mobile bills*. seen culture departments it. excessive flattery towards leadership, playing office politics, seeking favoritism leadership, appeasing leadership personal gain, unhealthy admiration authority, prioritizing leadership approval team collaboration, performing leadership rather contributing meaningfully, dysfunctional environment, hostile workplace dynamics, unhealthy team culture, negative organizational climate, counterproductive atmosphere, culture fear favoritism, lack psychological safety workplace, unprofessional unsupportive environment, workplace toxicity favoritism.",0.0,0.0258,0.0129,neutral
52,2025-03-01T00:00:00.000Z,0,0,2,REGULAR,Former employees,False,False,POSITIVE,APPROVE,POSITIVE,5,5,4,4,Pros and cons,Amazon Fulfillment Center,"Whitestown, IN",Warehouse Associate,Better pay hire on opportunity insurance for employees,Good place to work for lots of hours and keep you busy no down time .,Cons low pay no insurance temp service position,1,5,1,lots hours keep busy time,cons low pay insurance temp service position,0.0,-0.3612,-0.1806,negative
53,2025-02-27T00:00:00.000Z,0,0,4,REGULAR,Former employees,False,False,,DISAPPROVE,NEGATIVE,1,1,1,1,Promote Based On Results Not Being a ‘Yes Man’,Amazon Fulfillment Center,,Operations Manager,"Value honesty and ethics, treat people better and promote based on results only not politics. Set regional records but unable to get promoted since I wouldn’t lie about an HR situation(s) that AGM was apart of. So shady!","Stocks given as bonuses, but they take 3-4 years to fully vest so can be a negative.","The expectation is to work 7 days per week and always be available via phone. Even if you work 12 hours more is expected once you’re home. 
Upper management promotions should be based on achievements and how your team response to you, not being a ‘yes man’ The last GM/AGM were extremely unethical and only promoted people who would lie for them and they also fudged numbers",2,1,1,"stocks given bonuses, take 3-4 years fully vest negative.","expectation days per week always available via phone. hours expected you’re home. upper management promotions based achievements team response you, ‘yes man’ last gm/agm extremely unethical promoted lie fudged numbers",-0.0972,-0.1317,-0.11445,negative
54,2025-02-26T00:00:00.000Z,0,0,0,REGULAR,Former employee,False,False,,,,0,0,3,0,Monotonous,Amazon Fulfillment Center,"Dallas, TX",Inbound Stower,,"Easy job, and can move up if desired","physically demanding
only care about rates",0,0,0,"easy job, move desired",physically demanding care rates,0.6124,0.3182,0.46530000000000005,positive
55,2025-02-26T00:00:00.000Z,0,0,2,REGULAR,Current employees,False,False,POSITIVE,APPROVE,POSITIVE,5,5,5,5,Fast-paced work with good benefits,Amazon Fulfillment Center,"St. Thomas, ON",Inbound Receive Dock,Improve break times and workload balance to reduce fatigue and increase employee retention.,"Competitive pay and benefits
Opportunity for career growth
Fast-paced and active work environment
Team-oriented workplace culture
Training provided, no experience required",Repetitive tasks can be exhausting,5,5,5,"competitive pay benefits opportunity career growth fast-paced active environment team-oriented workplace culture training provided, experience required",repetitive tasks exhausting,0.875,-0.5423,0.16635,positive
56,2025-02-25T00:00:00.000Z,0,0,0,REGULAR,Former employee,False,False,,,,0,0,3,0,Meh,Amazon Fulfillment Center,"Illiopolis, IL",Operations Manager,,insane scope and opportunities- perks of being a part of huge company,untalented people in Sr positions that have gone far playing politics. Hard to advance if you don't have an agreeable personanlity,0,0,0,insane scope opportunities- perks part huge,untalented positions gone far playing politics. hard advance agreeable personanlity,0.296,0.4939,0.39495,positive
57,2025-02-25T00:00:00.000Z,0,0,1,REGULAR,"Former employee, less than 1 year",False,False,NEUTRAL,NO_OPINION,POSITIVE,4,5,4,2,Former Amazon Warehouse employee,Amazon Fulfillment Center,"Joliet, IL",Seasonal Warehouse Associate,,"Pay, peak time/bonus pay+hours, chill staff","The labor and the lack of available resources/people for workers requests, troubles with job or app/pay.",5,3,5,"pay, peak time/bonus pay+hours, chill staff","labor lack available resources/people workers requests, troubles app/pay.",-0.1027,-0.6486,-0.37565,negative
58,2025-02-25T00:00:00.000Z,0,0,2,FREELANCE,Former employees,False,False,,,,5,5,5,5,Good income,Amazon Fulfillment Center,"San Francisco, CA",Seller,,Flexible schedule adjust your time,Too much competition sometimes you gotta lower your prices so much to get more deal but not good profit,5,5,5,flexible schedule adjust time,much competition sometimes gotta lower prices much deal profit,0.2263,0.1779,0.2021,positive
59,2025-02-25T00:00:00.000Z,0,0,0,REGULAR,Current employee,False,False,POSITIVE,APPROVE,POSITIVE,5,5,5,5,Best place to work,Amazon Fulfillment Center,"Swindon, Wiltshire, South West England, England",AA(Amazon Associate),,"Good working environment
Good pay",Heavy lifting . Sometimes can be stressful,5,5,5,environment pay,heavy lifting sometimes stressful,-0.1027,-0.5106,-0.30665000000000003,negative
60,2025-02-21T00:00:00.000Z,0,0,0,REGULAR,Former employee,False,False,,,,0,0,3,0,Picker Pay,Amazon Fulfillment Center,"Fort Wayne, IN",Picker,,It is the easiest job I ever had.,They can get rid of you whenever they want.,0,0,0,easiest ever had.,rid whenever want.,0.4215,0.0772,0.24935,positive
61,2025-02-21T00:00:00.000Z,0,0,4,REGULAR,Former employees,False,False,,,,5,5,5,4,Super expérience,Amazon Fulfillment Center,Orléans,HRA,,"Très bonne école
salaires généreux et CB avantageux","demande un investissement personnel important,",5,5,5,très bonne école salaires généreux avantageux,"demande investissement personnel important,",0.0,0.2023,0.10115,positive
62,2025-02-19T00:00:00.000Z,0,0,1,CONTRACT,"Former employee, less than 1 year",False,False,NEGATIVE,,POSITIVE,1,2,1,2,Befristet für 4 Monate,Amazon Fulfillment Center,"Koblenz, Rhineland-Palatinate",,Ehrliche Security Mitarbeiter anstellen,Angemessen bezahlt und es gibt kein Dresscode bis auf Stahlkappenschuhe Verbot,"Die Security nervt ( ich weiß jemand von denen hat einen Sender ) von dem Magnet Tor wo man rein und raus geht 🤔.... 
Das Tor hat sogar dann gepiepst als ich 0 % Metal an hatte 😪",3,3,1,angemessen bezahlt und gibt kein dresscode bis auf stahlkappenschuhe verbot,die security nervt ich weiß jemand von denen hat einen sender von dem magnet tor man rein und raus geht 🤔.... das tor hat sogar dann gepiepst als ich metal hatte,0.0,-0.3612,-0.1806,negative
63,2025-02-18T00:00:00.000Z,0,0,4,REGULAR,Current employees,False,False,NEUTRAL,APPROVE,POSITIVE,3,3,4,4,Fulfillment worker,Amazon Fulfillment Center,"San Antonio, TX",L1 Associate,,#NAME?,#NAME?,4,3,4,#name?,#name?,0.0,0.0,0.0,neutral
64,2025-02-18T00:00:00.000Z,0,0,9,REGULAR,Current employees,False,False,POSITIVE,NO_OPINION,POSITIVE,4,3,4,3,Senior Program Manager | Lean Methodologies | Learning &amp; Quality Excellence | Driving Operational Efficiency,Amazon Fulfillment Center,"Carrollton, TX",Sr Program Manager,"Trust your team to get the job done, and reward them when they do. ","Growth &amp; Development
Relationships
Innovation
Fun
The Actual Work is Awesome",The cons are the same as they would be at any job.,3,3,2,growth &amp; development relationships innovation fun actual awesome,cons job.,0.9118,0.0,0.4559,positive
65,2025-02-18T00:00:00.000Z,0,0,0,REGULAR,Current employee,False,False,,,,0,0,5,0,Good,Amazon Fulfillment Center,"Brampton, ON",Warehouse Associate,,"Good benefits 
Environment
Team work 
Great pay",I don’t think there is any downside,0,0,0,benefits environment team great pay,don’t think downside,0.743,-0.25,0.2465,positive
66,2025-02-18T00:00:00.000Z,0,0,2,REGULAR,Former employees,False,False,POSITIVE,DISAPPROVE,NEGATIVE,1,2,2,1,"High Pressure to Perform, Difficult to maintain Safety Standards",Amazon Fulfillment Center,"San Bernardino, CA",ICQA Associate,"Your HR is so protective you're losing connection with your workers, and you should allow unions so that people feel safe to work for you and build a career.","Needed a job fast, onboarding was fast, skills requirements low, pay was at a local average. It was fun to work at a robotics fulfillment center","Metrics are always a part of their work experience. Day to day optimizations, PAs always coming by to give you feedback can make it seem like all that matters is your numbers. Focus on your numbers and output, focus focus focus. Problem for me was that even though I could do great and kept a high quality, maintaining that speed and quality was really draining, especially at 10 hour shifts in an industrial environment with literally only your 2 (sometimes none) neighbors to talk to to pass the long day of repetitive tasks. That's another thing, the physical and mental aspect of the repetitious task is not just mentally draining, but despite their regular safety meetings, warnings, and signs plastered all over the place, there's so much pressure to increase performance consistently that lots of people are cutting corners just to keep from getting canned. I myself ended up with a repetitive motion injury in my hand due to pulling items out of cubbies and it's basically already covered by their policies so there's nothing to do but grin and bear it. My recommendation? Educate yourself on the safety policies, speak up loudly and frequently in group settings when you feel something isn't safe (to keep leadership accountable) and don't push yourself physically to meet your numbers. It's difficult when you've got bills to pay but not worth your long term mobility and health. Build your skills and find work with another company that respects your body more.",3,1,3,"needed fast, onboarding fast, skills requirements low, pay local average. fun robotics fulfillment center","metrics always part experience. day day optimizations, pas always coming give feedback seem matters numbers. focus numbers output, focus focus focus. problem though great kept high quality, maintaining speed quality draining, especially hour shifts industrial environment literally (sometimes none) neighbors talk pass long day repetitive tasks. that's another thing, physical mental aspect repetitious task mentally draining, despite regular safety meetings, warnings, signs plastered place, there's much pressure increase performance consistently lots cutting corners keep getting canned. ended repetitive motion injury hand due pulling items cubbies basically already covered policies there's nothing grin bear it. recommendation? educate safety policies, speak loudly frequently group settings feel something safe (to keep leadership accountable) push physically meet numbers. difficult bills pay worth long term mobility health. build skills find another respects body more.",0.2023,0.0808,0.14155,positive
67,2025-02-18T00:00:00.000Z,0,0,2,REGULAR,Current employees,False,False,,,,0,0,3,0,Good,Amazon Fulfillment Center,"Bellevue, WA",Software Development Engineer (SDE),,Good work and lot to learn,Too much work and no work life balance,0,0,0,learn,much life balance,0.0,0.0,0.0,neutral
68,2025-02-17T00:00:00.000Z,0,0,1,PART_TIME,"Former employee, less than 1 year",False,False,,,,0,0,3,4,Not proper training,Amazon Fulfillment Center,"Portland, OR",Sortation Associate,,"Good pay, shift options and benefits",Not being able to train well their employees,0,0,3,"pay, shift options benefits",able train well employees,0.296,0.2732,0.28459999999999996,positive
69,2025-02-17T00:00:00.000Z,0,0,1,REGULAR,"Former employee, less than 1 year",False,False,POSITIVE,APPROVE,POSITIVE,5,5,5,4,Great Opportunity and Awesome Benefits,Amazon Fulfillment Center,"Etna, OH",Associate,Hire me back. I didn’t know what I had until it was gone and I regret leaving.,"The benefits and how the Amazon AtoZ app worked was all great. It was so thorough and simple, and the work was repetitive but made time fly by.","There was a decent bit of people up there that didn’t speak much English and it would be hard to communicate with them sometimes, but everyone was helpful when needed.",5,4,4,"benefits atoz app worked great. thorough simple, repetitive made time fly by.","decent bit didn’t speak much english hard communicate sometimes, everyone helpful needed.",0.6908,0.34,0.5154,positive
70,2025-02-13T00:00:00.000Z,0,0,0,INTERN,Former employee,False,False,,,,0,0,4,0,HR Partner Intern at Amazon,Amazon Fulfillment Center,"Tampa, FL",HR Partner Intern,,Good pay and benefits for the interns,"Since the site is 24 hours, you may get the night shift",0,0,0,pay benefits interns,"since site hours, may night shift",0.296,0.0,0.148,positive
71,2025-02-12T00:00:00.000Z,0,0,0,CONTRACT,Former employee,False,False,,,,0,0,2,0,"Good, not great ",Amazon Fulfillment Center,"Brampton, ON",Fulfillment Associate,,Daytime hours good for work/life balance,Nighttime shift is an absolute mess,0,0,0,daytime hours work/life balance,nighttime shift absolute mess,0.0,-0.3612,-0.1806,negative
72,2025-02-11T00:00:00.000Z,0,0,0,INTERN,Former employee,False,False,,,,0,0,4,0,You get out what you put in,Amazon Fulfillment Center,"Spokane, WA",Area Manager Intern,,hands on work with real experience managing associates,overwork the interns like an associate if you don't differentiate yourself or advocate for work,0,0,0,hands real experience managing associates,overwork interns associate differentiate advocate,0.0,0.0,0.0,neutral
73,2025-02-10T00:00:00.000Z,0,0,1,PART_TIME,"Current employee, less than 1 year",False,False,,,,5,5,5,5,great working place for starters,Amazon Fulfillment Center,Paderborn,FC Associate I,,"fixed hours.
both parttime and fulltime available",should pay more for overtime.,5,5,5,fixed hours. parttime fulltime available,pay overtime.,0.0,-0.1027,-0.05135,negative
74,2025-02-07T00:00:00.000Z,0,0,2,REGULAR,Former employees,False,False,POSITIVE,APPROVE,POSITIVE,4,4,5,4,Good salary but difficult targets,Amazon Fulfillment Center,"Brampton, ON",Warehouse Associate,Listen to your employees,They provide a healthy salary. Every six months a salary hike and good benefits.,They ask for difficult targets. There are some internal politics that still exist.,4,4,4,provide healthy salary. every six months salary hike benefits.,ask difficult targets. internal politics still exist.,0.6486,-0.3612,0.14369999999999997,positive
75,2025-02-06T00:00:00.000Z,0,0,4,PART_TIME,Current employees,False,False,POSITIVE,APPROVE,POSITIVE,4,5,4,5,Amazon job,Amazon Fulfillment Center,"Delta, BC",Warehouse Worker,,"Good schedule , good pay","Heavy work load, long shifts",5,4,5,schedule pay,"heavy load, long shifts",-0.1027,0.0,-0.05135,negative
76,2025-02-06T00:00:00.000Z,0,0,1,CONTRACT,"Current employee, less than 1 year",False,False,NEUTRAL,APPROVE,POSITIVE,5,5,5,5,best pay rate,Amazon Fulfillment Center,"Gateshead, England",FC Associate,,"good management, best work culture, nice colleagues","shift patterns, break timings, team leads",5,5,5,"management, best culture, nice colleagues","shift patterns, break timings, team leads",0.7906,0.0,0.3953,positive
77,2025-02-04T00:00:00.000Z,0,0,4,REGULAR,Current employees,False,False,NEGATIVE,DISAPPROVE,NEGATIVE,1,2,1,1,Hard Pass,Amazon Fulfillment Center,"Delta, BC",Process Associate,Focus more on taking care of the people who are driving your productivity and acknowledge they are why you are successful.,"Was a job that paid the bills. 
Makes you really appreciate working somewhere else","Only cared about increasing productivity and not at all about the people. Whoever coined them as equality opportunity employees needs to look up the definition. 
Save your physical and mental well being an look for employment elsewhere.",4,1,1,paid bills. makes appreciate somewhere else,cared increasing productivity people. whoever coined equality opportunity employees needs look definition. save physical mental well look employment elsewhere.,0.4019,0.872,0.63695,positive
78,2025-02-03T00:00:00.000Z,0,0,0,REGULAR,Current employee,False,False,,,,4,4,4,3,It's not a technical job.,Amazon Fulfillment Center,"Boston, MA",Non-Inventory Receiver,,"If you want to have a smooth start at work, I think it's a good idea",Internal promotion is a bit difficult and may take a long time.,4,4,4,"want smooth start work, think idea",internal promotion bit difficult may take long time.,0.0772,-0.3612,-0.14200000000000002,negative
79,2025-01-28T00:00:00.000Z,0,0,0,PART_TIME,Current employee,False,False,,,,4,4,4,4,Sueldo base Amazon técnico RME,Amazon Fulfillment Center,El Prat de Llobregat,Técnico de mantenimiento industrial,,Horario flexible y muchos pluses en fin de semana,El metro tarda mucho en llegar al prat,4,4,4,horario flexible muchos pluses fin semana,metro tarda mucho llegar prat,0.2263,0.0,0.11315,positive
80,2025-01-28T00:00:00.000Z,0,0,2,REGULAR,Former employees,False,False,,,,0,0,4,0,It's a good beginner job,Amazon Fulfillment Center,"Chattanooga, TN",Warehouse Packer,,"Job is not hard, the people were friendly and helpful.",12 hour work days during busy times,0,0,0,"hard, friendly helpful.",hour days busy times,0.6808,0.0,0.3404,positive
81,2025-01-23T00:00:00.000Z,0,0,4,REGULAR,Former employees,False,False,NEGATIVE,APPROVE,POSITIVE,2,3,2,1,Great benefits on sign in but deteriorate rapidly after first year,Amazon Fulfillment Center,"Mississauga, ON",Whs Specialist,,"Fast paced, challenging and great learning opportunities; great overall benefits from day 1","Hectic hours, little flexibility, pay structure, call out culture leads to internal fights to show who is better",3,2,2,"fast paced, challenging great learning opportunities; great overall benefits day","hectic hours, little flexibility, pay structure, call culture leads internal fights show better",0.9325,0.2927,0.6126,positive
82,2025-01-17T00:00:00.000Z,0,0,0,REGULAR,Former employee,False,False,NEUTRAL,NO_OPINION,POSITIVE,2,4,3,3,"If you can deal with it, it’s a good job",Amazon Fulfillment Center,,,,Very simple and not complicated,High expectations and comes with some petty drama,3,2,1,simple complicated,high expectations comes petty drama,0.0,-0.2023,-0.10115,negative
83,2025-01-16T00:00:00.000Z,0,0,1,PART_TIME,"Current employee, less than 1 year",False,False,,,,0,0,5,0,Amazing,Amazon Fulfillment Center,Euskirchen,Sortiermitarbeiter,,"Gute Leitungen.
Gute Mitarbeitern
Gute Arbeit",Es gibt keine Kontras für der Arbeit,0,0,0,gute leitungen. gute mitarbeitern gute arbeit,gibt keine kontras für der arbeit,0.0,0.0,0.0,neutral
84,2025-01-15T00:00:00.000Z,0,0,0,PART_TIME,Former employee,False,False,,,,0,0,3,0,Good place to learn,Amazon Fulfillment Center,"Warrington, North West England, England",FC Associate,,Develops a strong work ethic for employees,No consideration of human feeling within the workplace,0,0,0,develops strong ethic employees,consideration human feeling within workplace,0.5106,0.128,0.31930000000000003,positive
85,2025-01-11T00:00:00.000Z,0,0,1,REGULAR,"Former employee, less than 1 year",False,False,POSITIVE,NO_OPINION,POSITIVE,4,4,3,5,"Amazon FC Hamilton, a great place to work",Amazon Fulfillment Center,"Hamilton, ON",Associate,Eliminate the hiring freeze.,"I made a mistake leaving, never should have. Hard job to do, but well worth it.","Can't get rehired. They aren't hiring now, or for the last while",4,3,3,"made mistake leaving, never have. hard do, well worth it.","can't rehired. hiring now, last",0.2254,0.0,0.1127,positive
86,2025-01-11T00:00:00.000Z,0,0,2,REGULAR,Former employees,False,False,,,NEGATIVE,2,3,3,1,Don't get too comfortable,Amazon Fulfillment Center,"Dallas, TX",Associate,,"The pay is not bad, and you are paid weekly.","They work you like a dog, regardless of age or ability. Their retention rate is ridiculous, and their managers always quit or are moved around.",3,3,2,"pay bad, paid weekly.","dog, regardless age ability. retention rate ridiculous, managers always quit moved around.",-0.5994,-0.0516,-0.3255,negative
87,2025-01-11T00:00:00.000Z,0,0,1,REGULAR,"Current employee, less than 1 year",False,False,POSITIVE,APPROVE,POSITIVE,5,5,3,3,Hard work,Amazon Fulfillment Center,"Huntley, IL",Palletizer,Move people around so they can get a break on positions. Give equal work to everyone . My manager favors groups of people,Can work with friends and can sometimes take your time. The job comes with sOME benefits,"A lot of work on the body. Depending where you’re placed, you’re doing the same thing for 10+ hours straight . lifting heavy heavy boxes.",5,2,5,friends sometimes take time. comes benefits,"body. depending you’re placed, you’re 10+ hours straight lifting heavy heavy boxes.",0.6908,0.2263,0.45855,positive
88,2025-01-10T00:00:00.000Z,0,0,0,PART_TIME,Current employee,False,False,,,,3,4,3,2,Rating,Amazon Fulfillment Center,"Edison, NJ",Stower,,"Make own hours
Good pay
Free food sometimes","Receptive 
Brain mush
Boring
Physically and mentally draining",3,3,3,hours pay free food sometimes,receptive brain mush boring physically mentally draining,0.4404,-0.3182,0.061100000000000015,positive
89,2025-01-10T00:00:00.000Z,0,0,4,REGULAR,Current employees,False,False,POSITIVE,APPROVE,NEGATIVE,4,4,3,4,Amazing company,Amazon Fulfillment Center,"Hamilton, ON",Associate,Be kind,Benefit and vacation and TPO,Big loads hard hours long,4,4,4,benefit vacation tpo,big loads hard hours long,0.4588,-0.1027,0.17804999999999999,positive
90,2025-01-10T00:00:00.000Z,0,0,2,REGULAR,Former employees,False,False,NEGATIVE,DISAPPROVE,NEGATIVE,1,4,3,3,Heavy lifting,Amazon Fulfillment Center,"Grimes, IA",Associate,,"Ok money, good supervisors, swag bucks",Heavy lifting/ safety is a concern but don't expect them to care or pay you for your injuries,2,2,3,"money, supervisors, swag bucks",heavy lifting/ safety concern expect care pay injuries,0.0,0.6808,0.3404,positive
91,2025-01-09T00:00:00.000Z,0,0,1,REGULAR,"Former employee, less than 1 year",False,False,,,,0,0,4,0,"Fulfillment Center Warehouse Associate Review – Amazon MTN1, Wilmington",Amazon Fulfillment Center,"Wilmington, DE",Fulfillment Center Warehouse Associate,"Streamline workflows to reduce strain during peak seasons.
Enhance recognition programs to boost morale.
Provide better training for new and current associates.
Act on employee feedback to improve job satisfaction.","Competitive pay and benefits (healthcare, 401k, stock options).
Opportunities for career advancement and skill development.
Fast-paced, engaging work environment.
Supportive team culture with approachable management.
Job stability with a global company.","Physically demanding, especially during peak seasons.
Long shifts with limited break times.
Fluctuating workload, sometimes stressful.
Noisy warehouse environment.",0,0,0,"competitive pay benefits (healthcare, 401k, stock options). opportunities career advancement skill development. fast-paced, engaging environment. supportive team culture approachable management. stability global company.","physically demanding, especially peak seasons. long shifts limited break times. fluctuating workload, sometimes stressful. noisy warehouse environment.",0.8442,-0.7783,0.03294999999999998,neutral
92,2025-01-08T00:00:00.000Z,0,0,1,REGULAR,"Current employee, less than 1 year",False,False,POSITIVE,APPROVE,POSITIVE,1,1,2,1,It was terrible,Amazon Fulfillment Center,"Monroe, OH",Cherry Picker,Stop flirting with employees and trying to get your way.,The pay was good that’s pretty much it,It’s a lot of drama and it’s all about who you know to do what you wanna do there. Even if you get a different roll you still will be paid the same.,5,1,1,pay that’s pretty much,it’s drama it’s know wanna there. different roll still paid same.,0.4215,0.0,0.21075,positive
93,2025-01-08T00:00:00.000Z,0,0,1,PART_TIME,"Current employee, less than 1 year",False,False,,,POSITIVE,4,4,4,5,Good Part Time opportunity,Amazon Fulfillment Center,"Lubbock, TX",Seasonal Associate,,"The job is repetitive, relatively easy to learn. HR is onsite and helpful.","The job is physically demanding, but once you get used to it it isn't so bad. Work ethic varies greatly, and hard work is not appreciated besides compliments from managers.",4,3,3,"repetitive, relatively easy learn. onsite helpful.","physically demanding, used bad. ethic varies greatly, hard appreciated besides compliments managers.",0.5719,0.0478,0.30984999999999996,positive
94,2025-01-03T00:00:00.000Z,0,0,2,REGULAR,Former employees,False,False,POSITIVE,DISAPPROVE,NEGATIVE,3,4,3,2,MCO1 Stow,Amazon Fulfillment Center,"Orlando, FL",Warehouse Associate,stowers for waterspiders should not have such an indirect role -- they really do need just a little bit more direction/labor tracking.,"decent pay for the type of work
great benefits (insurance, 401k, company stock and education/Career Choice)
generous time-off policy
plenty of people to get to know if you are a people person","very physically demanding
keeping your job depends on your rate -- your rate can depend on your waterspider who may not care that you do not have enough work/""good"" work to make rate and stay out of the bottom 5%",4,3,2,"decent pay type great benefits (insurance, 401k, stock education/career choice) generous time-off policy plenty know person","physically demanding keeping depends rate rate depend waterspider may care enough work/""good"" rate stay bottom",0.8625,0.3182,0.59035,positive
95,2025-01-02T00:00:00.000Z,0,0,0,PART_TIME,Current employee,False,False,,,,1,5,3,5,Its okay,Amazon Fulfillment Center,"Robbinsville, NJ",Warehouse Sortation Associate,,It pays the bills I guess.,The flex up / flex down thing here can be really annoying.,3,2,1,pays bills guess.,flex flex annoying.,0.0,-0.4019,-0.20095,negative
96,2025-01-01T00:00:00.000Z,0,0,4,REGULAR,Former employees,False,False,NEUTRAL,NO_OPINION,POSITIVE,4,4,3,4,Good place,Amazon Fulfillment Center,"Etna, OH",AA(Amazon Associate),Management keeps rotating,Work on your own terms,Heavy items when slow season,3,3,3,terms,heavy items slow season,0.0,0.0,0.0,neutral
97,2024-12-29T00:00:00.000Z,0,0,1,CONTRACT,"Current employee, less than 1 year",False,False,POSITIVE,APPROVE,POSITIVE,5,5,5,5,unkn,Amazon Fulfillment Center,"Manchester, England",Warehouse Fulfillment Associate,the management is very good,Very good and nice culture,need to improve the salary range,5,5,5,nice culture,need improve salary range,0.4215,0.4404,0.43095,positive
98,2024-12-29T00:00:00.000Z,0,0,0,PART_TIME,Former employee,False,False,,,POSITIVE,0,0,5,0,A good place to work at,Amazon Fulfillment Center,"Dallas, TX",ICQA Associate,Stay off the cat walk,The benefits starts on day1,The standing for a long period of times and short lunches,0,0,0,benefits starts day1,standing long period times short lunches,0.3818,0.0,0.1909,positive
99,2024-12-27T00:00:00.000Z,0,0,2,PART_TIME,Former employees,False,False,NEUTRAL,NO_OPINION,NEGATIVE,2,5,2,3,Wasn’t the greatest,Amazon Fulfillment Center,"Greenfield, IN",Sorter Loader,,"The pay was good, and the time off accumulating every shift was nice","They really didn’t care about their workers when I worked there. 
Bathroom breaks were like they were not acceptable",2,3,2,"pay good, time accumulating every shift nice",didn’t care workers worked there. bathroom breaks acceptable,0.6486,0.6705,0.65955,positive
100,2024-12-25T00:00:00.000Z,0,0,1,REGULAR,"Former employee, less than 1 year",False,False,NEGATIVE,DISAPPROVE,NEGATIVE,1,5,1,2,Not worth for the weather and long shifts,Amazon Fulfillment Center,"Orlando, FL",Driver Associate,Don't tell your incoming employees that you'll offer bonuses and then say sike when they get hired,"Simple to do, 4 day work week","10 hour shifts and have to deal with heat and rain,",1,1,1,"simple do, day week","hour shifts deal heat rain,",0.0,0.0,0.0,neutral
101,2024-12-25T00:00:00.000Z,0,0,0,PART_TIME,Current employee,False,False,POSITIVE,APPROVE,POSITIVE,2,4,3,3,Decent,Amazon Fulfillment Center,,Associate,,Decent pay here at this job nothing too crazy,As a part time you only get 15 mins break,2,3,3,decent pay nothing crazy,part time mins break,0.162,0.0,0.081,positive
102,2024-12-17T00:00:00.000Z,0,0,0,REGULAR,Current employee,False,False,,,,5,5,5,5,A nice place to work,Amazon Fulfillment Center,"Scarborough, ON",Warehouse Associate,,You will gain alot of knowledge,Be ready to stand for the whole shift,5,5,5,gain alot knowledge,ready stand whole shift,0.5267,0.3612,0.44394999999999996,positive
103,2024-12-17T00:00:00.000Z,0,0,20,REGULAR,Current employees,False,False,,,POSITIVE,5,5,5,5,Great Benefits,Amazon Fulfillment Center,"Charleston, TN",Human Resource Associate Partner,,Mutiple time off options. Above average health insurance options.,"Small department, not a lot of room to move up without moving.",4,5,5,mutiple time options. average health insurance options.,"small department, room move without moving.",0.0,0.0,0.0,neutral
105,2024-12-16T00:00:00.000Z,0,0,4,REGULAR,Current employees,False,False,,,,1,1,1,1,Physically Demanding job,Amazon Fulfillment Center,"San Bernardino, CA",Quality Control,,lots of overtime. Worked 60hours/week,"The cons are the same as the pros, but this website doesn't allow me to copy the same response.",1,1,1,lots overtime. worked 60hours/week,"cons pros, website allow copy response.",0.0,0.2263,0.11315,positive
106,2024-12-15T00:00:00.000Z,0,0,2,PART_TIME,Current employees,False,False,POSITIVE,DISAPPROVE,POSITIVE,3,4,4,3,Decent Pay,Amazon Fulfillment Center,"Sparrows Point, MD",Associate,,"Freedom
Opportunities
Career choice
Decent Pay","Physically tiring
Poor Training
Not enough benefits",3,3,3,freedom opportunities career choice decent pay,physically tiring poor training enough benefits,0.7506,-0.128,0.3113,positive
107,2024-12-15T00:00:00.000Z,0,0,2,REGULAR,Former employees,False,False,,,,1,3,1,1,Cold,Amazon Fulfillment Center,"Rugeley, England",,,"Good managers, a lot of overtime available",Cold warehouse. Lonely isolating job,1,3,1,"managers, overtime available",cold warehouse. lonely isolating,0.0,-0.3612,-0.1806,negative
108,2024-12-14T00:00:00.000Z,0,0,2,REGULAR,Current employees,False,False,POSITIVE,APPROVE,POSITIVE,3,4,5,4,Pay,Amazon Fulfillment Center,"St. Thomas, ON",Associate,,Good pay rate for Associates,Lot of internal politics in the Amazon warehouses,5,5,5,pay rate associates,internal politics warehouses,-0.1027,0.0,-0.05135,negative
109,2024-12-12T00:00:00.000Z,0,0,0,REGULAR,Current employee,False,False,,,,0,0,5,0,Good place,Amazon Fulfillment Center,"Council Bluffs, IA",Associate,,Good place to start a warehouse job.,Temperature is a little chilly.,0,0,0,start warehouse job.,temperature little chilly.,0.0,0.0,0.0,neutral
110,2024-12-11T00:00:00.000Z,0,0,2,REGULAR,Former employees,False,False,,,,0,0,3,0,Boring,Amazon Fulfillment Center,"Jeffersonville, IN",ICQA Associate,,"PTO, same work every night.",Lots of turn over. Monotonous,0,0,0,"pto, every night.",lots turn over. monotonous,0.0,0.0,0.0,neutral
111,2024-12-08T00:00:00.000Z,0,0,4,REGULAR,Former employees,False,False,,,,5,5,4,4,Amazon,Amazon Fulfillment Center,"Goodyear, AZ",Warehouse Worker,,They have really good benefits,Some jobs can get overwhelming,5,4,5,benefits,jobs overwhelming,0.3818,0.0,0.1909,positive
112,2024-12-07T00:00:00.000Z,0,0,0,REGULAR,Current employee,False,False,,,,0,0,4,0,Good Job and Pay,Amazon Fulfillment Center,"Leeds, England",Warehouse Associate,,"Easy, not much weight to handle","long shifts, stationed in one place",0,0,0,"easy, much weight handle","long shifts, stationed one",0.4404,0.0,0.2202,positive
113,2024-12-05T00:00:00.000Z,0,0,4,REGULAR,Current employees,False,False,,,NEGATIVE,2,3,3,1,"Good money, hardwork",Amazon Fulfillment Center,"Edmonton, AB",Associate,,Good money better than average job,"Favouritism, no appreciation, more work you do more you’ll get, less work you do less they will give",3,3,3,money better average,"favouritism, appreciation, you’ll get, less less give",0.4404,0.5106,0.47550000000000003,positive
114,2024-12-04T00:00:00.000Z,0,0,9,REGULAR,Current employees,False,False,POSITIVE,NO_OPINION,POSITIVE,3,5,3,1,Hard work,Amazon Fulfillment Center,"Windsor, CT",Packer,,Fast Advancements and great benefits,Very high turnover and not much accountability. Very long hours during holiday season.,3,3,3,fast advancements great benefits,high turnover much accountability. long hours holiday season.,0.7717,0.4019,0.5868,positive
115,2024-12-03T00:00:00.000Z,0,0,2,PART_TIME,Current employees,False,False,POSITIVE,APPROVE,POSITIVE,3,3,3,3,Not Bad,Amazon Fulfillment Center,"Avenel, NJ",FC Associate I,Lower the rate. Or increase the pay. And give out more shifts.,Simple work is required of you.,Their rate per hour is slightly unreasonable due to the fact if the items are heavy in total it’s harder to walk around while pushing the heavy cart.,3,3,3,simple required you.,rate per hour slightly unreasonable due fact items heavy total it’s harder walk around pushing heavy cart.,0.0,0.0,0.0,neutral
116,2024-12-03T00:00:00.000Z,0,0,4,REGULAR,Current employees,False,False,NEGATIVE,DISAPPROVE,NEGATIVE,1,1,1,1,Good benefits bad work culture,Amazon Fulfillment Center,"Saint Louis, MO",Inbound Stower,"We are humans with our own lives outside of work. We are somebody’s child, wife, husband, father, mother or grandparent. We are not robots or machines to use and toss away whenever you feel like it. To some of us Amazon is one of our only choices to make a living for our families.","Great benefits, very flexible, lots of different positions to try out incase you don’t like your main role. Free holiday meals once a year. Come and leave work whenever you want using your unpaid time or pto. They lay for school and offer career programs although the tests to get into them are very difficult","Forced mandatory extra time. (My MET was 5 days of 11 1/2 hours and my regular shift is 3 days of 12 hours) you will get forced to cross trained and you will get labor shares to different departments wether you like that position or not. They have a very high expectations for making “rates” in your position. Managers and anyone in lead positions will micromanage and breathe down your neck. You are always getting watched and judged and everyone will shut down any minimal concern you have because nobody cares. They just care about saving their own behind. If you get hurt, well you better pray that you don’t because their AmCare will send you to their own doctor and they will lie and say you weren’t hurt at all so that they don’t have to pay for your injury or have you sue them. Some departments are very strict and WILL find reasons to write you up. You have to use some of your break time to get back to your station and sign in and scan something by the end of your break or you will get in trouble. You will use some of your break time just walking to the break area because it is SO far and so are the restrooms and don’t forget you need to use your break time to come back from break on time or you’ll get in trouble",3,1,3,"great benefits, flexible, lots different positions try incase don’t main role. free holiday meals year. come leave whenever want using unpaid time pto. lay school offer career programs although tests difficult","forced mandatory extra time. (my met days 1/2 hours regular shift days hours) forced cross trained labor shares different departments wether position not. high expectations making “rates” position. managers anyone lead positions micromanage breathe neck. always getting watched judged everyone shut minimal concern nobody cares. care saving behind. hurt, well better pray don’t amcare send doctor lie say weren’t hurt don’t pay injury sue them. departments strict find reasons write up. use break time back station sign scan something end break trouble. use break time walking break area far restrooms don’t forget need use break time come back break time you’ll trouble",0.9042,-0.8074,0.0484,neutral
117,2024-12-02T00:00:00.000Z,0,0,0,REGULAR,Former employee,False,False,,,,0,0,3,0,Amazon,Amazon Fulfillment Center,"Orlando, FL",Picker,,A lot of hard work,Only care about the numbers,0,0,0,hard,care numbers,-0.1027,0.4939,0.1956,positive
118,2024-11-30T00:00:00.000Z,0,0,2,PART_TIME,Current employees,False,False,,APPROVE,POSITIVE,5,5,5,4,Amazon review,Amazon Fulfillment Center,"Ottawa, ON",Associate,,"It has good base pay, health benefits, and paid vacation.",Work is heavy sometimes and need physical strength.,5,5,5,"base pay, health benefits, paid vacation.",heavy sometimes need physical strength.,0.296,0.4939,0.39495,positive
119,2024-11-29T00:00:00.000Z,0,0,1,REGULAR,"Current employee, less than 1 year",False,False,,APPROVE,POSITIVE,0,0,5,5,I loved working there,Amazon Fulfillment Center,"Coconut Creek, FL",Picker/Packer,"Focus on Employee Well-Being.
Encourage a balance between productivity and employee health. Consider frequent breaks, ergonomic assessments, and wellness programs.","Employment stability 
Competitive pay
Benefits 
Diverse workforce","Physical demands 
Management challenges 
Monotonous tasks
High turnover rates
Fast spaced environment",5,0,5,employment stability competitive pay benefits diverse workforce,physical demands management challenges monotonous tasks high turnover rates fast spaced environment,0.4404,0.0772,0.25880000000000003,positive
120,2024-11-27T00:00:00.000Z,0,0,0,REGULAR,Former employee,False,False,,,,0,0,5,0,The pay is good but the work sometimes can be a bit.... Boring,Amazon Fulfillment Center,"Charlotte, NC",Picking Associate,,Paid by the hour and if u stay long enough u get better pay well at least 1$ up,From what I've heard they treat ya like a number or a robot,0,0,0,paid hour stay long enough better pay well least,heard treat number robot,0.5574,0.4588,0.5081,positive
121,2024-11-26T00:00:00.000Z,0,0,1,REGULAR,"Former employee, less than 1 year",False,False,POSITIVE,NO_OPINION,POSITIVE,3,5,4,2,Great place to start oit,Amazon Fulfillment Center,"Calgary, AB",Dock Worker,,"Great benefits, great people to work with.",The work is very physically demanding,5,5,3,"great benefits, great with.",physically demanding,0.8957,-0.2263,0.3347,positive
122,2024-11-23T00:00:00.000Z,0,0,1,REGULAR,"Former employee, less than 1 year",False,False,POSITIVE,APPROVE,POSITIVE,4,3,4,3,Salary at Amazon,Amazon Fulfillment Center,"Sioux Falls, SD",Reliability & Maintenance Engineering,,Good pay from the company and lovely colleagues,Too much heat and a lot of noise,4,4,4,pay lovely colleagues,much heat noise,0.5267,0.0,0.26335,positive
123,2024-11-20T00:00:00.000Z,0,0,0,REGULAR,Former employee,False,False,,,,2,1,2,3,nothign,Amazon Fulfillment Center,"St. Thomas, ON",Warehouse Worker,,good pay and nice shift hours,politics and partiality play a major role,4,1,2,pay nice shift hours,politics partiality play major role,0.34,0.34,0.34,positive
124,2024-11-19T00:00:00.000Z,0,0,2,REGULAR,Former employees,False,False,,,,3,3,3,1,General,Amazon Fulfillment Center,"Dartford, England",Warehouse Operative,,Flexible working schedules and good pay,Extremely physical. Employees treated as machine sometimes.,4,3,4,flexible schedules pay,extremely physical. employees treated machine sometimes.,0.128,0.0,0.064,positive
125,2024-11-18T00:00:00.000Z,0,0,0,REGULAR,Former employee,False,False,,,,1,1,1,1,Review,Amazon Fulfillment Center,"Ottawa, ON",Warehouse Associate,"Treat associates with respect and dignity. Foster a more supportive environment, especially during challenging times, and ensure fair treatment for all employees, including those dealing with work-related injuries.","Good benefits.
Valuable working experience.
Opportunities to learn and grow.","Poor management support.
Lack of understanding during personal hardships.
Unfair treatment when injured on the job.
High-pressure environment with unrealistic expectations at times.",1,1,1,benefits. valuable experience. opportunities learn grow.,poor management support. lack understanding personal hardships. unfair treatment injured job. high-pressure environment unrealistic expectations times.,0.8074,-0.8176,-0.005099999999999993,neutral
126,2026-01-02T00:00:00.000Z,0,0,1,REGULAR,Former employee,False,False,NEUTRAL,NO_OPINION,NEGATIVE,0,0,3,0,Good benefits & growth; favoritism and brutal OT,Amazon Fulfillment Center,"Arlington,WA",Warehouse Associate,,"Good benefits, learned new skills, upper management was helpful, leadership helped get promoted to corporate","Favoritism, Peak OT was ""insane"" and mandatory",0,0,4,"benefits, learned new skills, upper management helpful, leadership helped promoted corporate","favoritism, peak ""insane"" mandatory",0.802,-0.1779,0.31205000000000005,positive
128,2026-01-17T00:00:00.000Z,0,0,0,REGULAR,Former employee,False,False,NEUTRAL,NO_OPINION,NEGATIVE,0,0,3,1,Nice perks and schedule; micromanaged and physically tiring.,Amazon Fulfillment Center,"Scarborough,OH",Fufillment Associate,,"Discounts online amazon shopping, PTO, 4 day work week, overtime available","Lots of micro management, lots of standing up and walking throughout shift",0,0,0,"discounts online shopping, pto, day week, overtime available","lots micro management, lots standing walking throughout shift",0.0,0.0,0.0,neutral
129,2025-12-18T00:00:00.000Z,0,0,2,REGULAR,Former employee,False,False,NEUTRAL,NO_OPINION,POSITIVE,0,0,4,0,"Good pay, solid facilities and breaks, but the work is repetitive with long hours",Amazon Fulfillment Center,"Tilbury,England",Picker,,"Massive Canteen, Prayer room for muslims, bus for amazon staff, two breaks each 30 mins and good income","Repetitive Work, Long Hours especially during Peak Season, Universal Stations",0,0,0,"massive canteen, prayer room muslims, bus staff, two breaks mins income","repetitive work, long hours especially peak season, universal stations",0.0,-0.25,-0.125,negative
130,2025-12-17T00:00:00.000Z,0,0,2,REGULAR,Former employee,False,False,NEUTRAL,NO_OPINION,NEGATIVE,0,0,5,1,Decent warehouse job with steady pay,Amazon Fulfillment Center,"St.Thomas, ON",FC Associate I,,"Good pay, friendly team and supportive each department","Political enviornment, not good for long term",0,0,0,"pay, friendly team supportive department","political enviornment, long term",0.6124,0.0,0.3062,positive
131,2025-12-16T00:00:00.000Z,0,0,3,REGULAR,Former employee,False,False,NEUTRAL,NO_OPINION,NEGATIVE,0,0,5,3,Good starter job but not long term,Amazon Fulfillment Center,"Richmond,VA",FC Associate,,"Good pay, simple tasks, two breaks, friendly coworkers","High productivity targets, stressful during peak season",0,0,0,"pay, simple tasks, two breaks, friendly coworkers","high productivity targets, stressful peak season",0.4215,-0.5106,-0.044550000000000034,neutral
132,2025-12-14T00:00:00.000Z,0,0,2,REGULAR,Former employee,False,False,NEUTRAL,NO_OPINION,NEGATIVE,0,0,3,2,Physically demanding but manageable,Amazon Fulfillment Center,"Brampton,ON",Picker,,"Easy to get hired, flexible schedule, reliable income","Standing 10+ hours, sore muscles, boring repetition",0,0,0,"easy hired, flexible schedule, reliable income","standing 10+ hours, sore muscles, boring repetition",0.5859,-0.5859,0.0,neutral
133,2025-12-10T00:00:00.000Z,0,0,1,REGULAR,Former employee,False,False,NEUTRAL,NO_OPINION,NEGATIVE,0,0,3,3,Fair pay with decent benefits,Amazon Fulfillment Center,"Dallas,TX",Warehouse Associate,,"Fast-paced environment, overtime available, helpful team leads","Monotonous duties, strict rate tracking",0,0,0,"fast-paced environment, overtime available, helpful team leads","monotonous duties, strict rate tracking",0.4215,0.0,0.21075,positive
134,2025-12-08T00:00:00.000Z,0,0,2,REGULAR,Former employee,False,False,NEUTRAL,NO_OPINION,NEGATIVE,0,0,2,1,Solid income but exhausting schedule,Amazon Fulfillment Center,"Phoenix,AZ",FC Associate,,"Benefits start early, clean facility, organized workflow","Mandatory extra time, poor work-life balance",0,0,0,"benefits start early, clean facility, organized workflow","mandatory extra time, poor work-life balance",0.6486,-0.4215,0.11354999999999998,positive
135,2025-12-06T00:00:00.000Z,0,0,2,REGULAR,Former employee,False,False,NEUTRAL,NO_OPINION,NEGATIVE,0,0,4,0,Simple work environment,Amazon Fulfillment Center,"Whitby,ON",Picker,,"Good overtime pay, stable hours, supportive coworkers","Limited advancement, repetitive stations",0,0,0,"overtime pay, stable hours, supportive coworkers","limited advancement, repetitive stations",0.4588,-0.4404,0.009199999999999986,neutral
136,2025-12-05T00:00:00.000Z,0,0,3,REGULAR,Former employee,False,False,NEUTRAL,NO_OPINION,NEGATIVE,0,0,3,0,Flexible but inconsistent management,Amazon Fulfillment Center,"Joliet,IL",Warehouse Associate,,"Easy to learn, low skill barrier, steady paycheck","Favoritism, poor communication, frequent changes",0,0,0,"easy learn, low skill barrier, steady paycheck","favoritism, poor communication, frequent changes",0.0772,-0.34,-0.13140000000000002,negative
137,2025-12-03T00:00:00.000Z,0,0,2,REGULAR,Former employee,False,False,NEUTRAL,NO_OPINION,NEGATIVE,0,0,4,1,Good short-term job,Amazon Fulfillment Center,"Moreno Valley, CA",Warehouse Associate,,"Choose shifts, decent pay, safe workplace","Not engaging, repetitive, high turnover",0,0,0,"choose shifts, decent pay, safe workplace","engaging, repetitive, high turnover",0.3612,0.1027,0.23195000000000002,positive
138,2025-12-01T00:00:00.000Z,0,0,1,REGULAR,Former employee,False,False,NEUTRAL,NO_OPINION,NEGATIVE,0,0,3,1,Clean facility with strong benefits,Amazon Fulfillment Center,"Baltimore,MD",Picker,,"Quick hiring, weekly pay, light supervision","Pressure to hit rates, repetitive scanning work",0,0,0,"quick hiring, weekly pay, light supervision","pressure hit rates, repetitive scanning",-0.1027,-0.4939,-0.2983,negative
139,2025-11-30T00:00:00.000Z,0,0,3,REGULAR,Former employee,False,False,NEUTRAL,NO_OPINION,NEGATIVE,0,0,3,2,Stable job with predictable routine,Amazon Fulfillment Center,"Columbus, OH",Picker,,"Large break rooms, transportation options, good benefits package","Long shifts, little variety, mentally draining",0,0,0,"large break rooms, transportation options, benefits package","long shifts, little variety, mentally draining",0.3818,0.0,0.1909,positive
140,2025-12-18T00:00:00.000Z,0,0,2,REGULAR,Former employee,False,False,NEUTRAL,NO_OPINION,NEGATIVE,0,0,2,1,Fair pay with decent benefits,Amazon Fulfillment Center,"Mississauga,ON",Warehouse Associate,,"Benefits start early, clean facility, organized workflow","Repetitive counting tasks, long hours standing, strict performance metrics",0,0,0,"benefits start early, clean facility, organized workflow","repetitive counting tasks, long hours standing, strict performance metrics",0.6486,-0.25,0.19929999999999998,positive
